date,Water Level
1-Jan-00,12.370
2-Jan-00,12.333
3-Jan-00,12.335
4-Jan-00,12.283
5-Jan-00,12.280
6-Jan-00,12.260
7-Jan-00,12.283
8-Jan-00,12.203
9-Jan-00,12.280
10-Jan-00,12.160
11-Jan-00,12.150
12-Jan-00,12.120
13-Jan-00,12.110
14-Jan-00,12.073
15-Jan-00,12.060
16-Jan-00,12.023
17-Jan-00,12.020
18-Jan-00,11.973
19-Jan-00,11.963
20-Jan-00,11.943
21-Jan-00,11.910
22-Jan-00,11.945
23-Jan-00,11.940
24-Jan-00,11.923
25-Jan-00,11.900
26-Jan-00,11.875
27-Jan-00,11.860
28-Jan-00,11.843
29-Jan-00,11.830
30-Jan-00,11.813
31-Jan-00,11.800
1-Feb-00,11.785
2-Feb-00,11.760
3-Feb-00,11.715
4-Feb-00,11.700
5-Feb-00,11.705
6-Feb-00,11.700
7-Feb-00,11.715
8-Feb-00,11.715
9-Feb-00,11.695
10-Feb-00,11.680
11-Feb-00,11.680
12-Feb-00,11.675
13-Feb-00,11.655
14-Feb-00,11.640
15-Feb-00,11.630
16-Feb-00,11.620
17-Feb-00,11.575
18-Feb-00,11.555
19-Feb-00,11.535
20-Feb-00,11.515
21-Feb-00,11.495
22-Feb-00,11.470
23-Feb-00,11.395
24-Feb-00,11.375
25-Feb-00,11.355
26-Feb-00,11.330
27-Feb-00,11.305
28-Feb-00,11.285
29-Feb-00,11.265
1-Mar-00,11.245
2-Mar-00,11.225
3-Mar-00,11.225
4-Mar-00,11.185
5-Mar-00,11.165
6-Mar-00,11.145
7-Mar-00,11.335
8-Mar-00,11.515
9-Mar-00,11.500
10-Mar-00,11.485
11-Mar-00,11.490
12-Mar-00,11.485
13-Mar-00,11.450
14-Mar-00,11.435
15-Mar-00,11.425
16-Mar-00,11.410
17-Mar-00,11.400
18-Mar-00,11.380
19-Mar-00,11.375
20-Mar-00,11.345
21-Mar-00,11.340
22-Mar-00,11.325
23-Mar-00,11.315
24-Mar-00,11.295
25-Mar-00,11.295
26-Mar-00,11.285
27-Mar-00,11.275
28-Mar-00,11.235
29-Mar-00,11.230
30-Mar-00,11.215
31-Mar-00,11.205
1-Apr-00,11.200
2-Apr-00,11.200
3-Apr-00,11.185
4-Apr-00,11.180
5-Apr-00,11.170
6-Apr-00,11.170
7-Apr-00,11.160
8-Apr-00,11.155
9-Apr-00,11.145
10-Apr-00,11.140
11-Apr-00,11.140
12-Apr-00,11.140
13-Apr-00,11.130
14-Apr-00,11.130
15-Apr-00,11.120
16-Apr-00,11.110
17-Apr-00,11.100
18-Apr-00,11.085
19-Apr-00,11.045
20-Apr-00,11.045
21-Apr-00,11.045
22-Apr-00,11.040
23-Apr-00,11.030
24-Apr-00,11.030
25-Apr-00,11.025
26-Apr-00,11.020
27-Apr-00,11.010
28-Apr-00,11.010
29-Apr-00,10.990
30-Apr-00,10.990
1-May-00,10.975
2-May-00,10.970
3-May-00,10.960
4-May-00,10.955
5-May-00,10.940
6-May-00,10.940
7-May-00,10.930
8-May-00,10.925
9-May-00,10.915
10-May-00,10.910
11-May-00,10.910
12-May-00,10.915
13-May-00,10.910
14-May-00,10.900
15-May-00,10.940
16-May-00,11.015
17-May-00,11.050
18-May-00,11.075
19-May-00,11.075
20-May-00,11.090
21-May-00,11.090
22-May-00,11.085
23-May-00,11.080
24-May-00,11.075
25-May-00,11.125
26-May-00,11.165
27-May-00,11.160
28-May-00,11.165
29-May-00,11.170
30-May-00,11.190
31-May-00,11.180
1-Jun-00,11.175
2-Jun-00,11.180
3-Jun-00,11.155
4-Jun-00,11.165
5-Jun-00,11.160
6-Jun-00,11.170
7-Jun-00,11.165
8-Jun-00,11.180
9-Jun-00,11.150
10-Jun-00,11.165
11-Jun-00,11.150
12-Jun-00,11.160
13-Jun-00,11.150
14-Jun-00,11.155
15-Jun-00,11.155
16-Jun-00,11.165
17-Jun-00,11.175
18-Jun-00,11.180
19-Jun-00,11.185
20-Jun-00,11.185
21-Jun-00,11.195
22-Jun-00,11.195
23-Jun-00,11.210
24-Jun-00,11.205
25-Jun-00,11.190
26-Jun-00,11.197
27-Jun-00,11.185
28-Jun-00,11.185
29-Jun-00,11.160
30-Jun-00,11.175
1-Jul-00,11.165
2-Jul-00,11.180
3-Jul-00,11.225
4-Jul-00,11.270
5-Jul-00,11.385
6-Jul-00,11.435
7-Jul-00,11.710
8-Jul-00,11.805
9-Jul-00,12.065
10-Jul-00,12.090
11-Jul-00,12.115
12-Jul-00,12.125
13-Jul-00,12.170
14-Jul-00,12.265
15-Jul-00,12.300
16-Jul-00,12.355
17-Jul-00,12.325
18-Jul-00,12.325
19-Jul-00,12.295
20-Jul-00,12.290
21-Jul-00,12.290
22-Jul-00,12.300
23-Jul-00,12.280
24-Jul-00,12.265
25-Jul-00,12.260
26-Jul-00,12.255
27-Jul-00,12.230
28-Jul-00,12.215
29-Jul-00,12.200
30-Jul-00,12.190
31-Jul-00,12.165
1-Aug-00,12.150
2-Aug-00,12.140
3-Aug-00,12.140
4-Aug-00,12.145
5-Aug-00,12.155
6-Aug-00,12.175
7-Aug-00,12.190
8-Aug-00,12.175
9-Aug-00,12.175
10-Aug-00,12.140
11-Aug-00,12.120
12-Aug-00,12.100
13-Aug-00,12.090
14-Aug-00,12.060
15-Aug-00,12.055
16-Aug-00,12.030
17-Aug-00,12.020
18-Aug-00,12.010
19-Aug-00,11.990
20-Aug-00,11.980
21-Aug-00,11.980
22-Aug-00,11.985
23-Aug-00,11.990
24-Aug-00,11.935
25-Aug-00,11.945
26-Aug-00,11.930
27-Aug-00,11.920
28-Aug-00,11.910
29-Aug-00,11.920
30-Aug-00,11.925
31-Aug-00,11.930
1-Sep-00,11.910
2-Sep-00,11.915
3-Sep-00,11.935
4-Sep-00,12.010
5-Sep-00,12.050
6-Sep-00,12.080
7-Sep-00,12.090
8-Sep-00,12.090
9-Sep-00,12.100
10-Sep-00,12.115
11-Sep-00,12.170
12-Sep-00,12.170
13-Sep-00,12.175
14-Sep-00,12.175
15-Sep-00,12.165
16-Sep-00,12.150
17-Sep-00,12.135
18-Sep-00,12.130
19-Sep-00,12.110
20-Sep-00,12.090
21-Sep-00,12.070
22-Sep-00,12.050
23-Sep-00,12.050
24-Sep-00,12.040
25-Sep-00,12.020
26-Sep-00,12.010
27-Sep-00,12.020
28-Sep-00,12.010
29-Sep-00,11.990
30-Sep-00,11.970
1-Oct-00,11.940
2-Oct-00,11.930
3-Oct-00,11.870
4-Oct-00,11.790
5-Oct-00,11.765
6-Oct-00,11.750
7-Oct-00,11.735
8-Oct-00,11.720
9-Oct-00,11.795
10-Oct-00,11.795
11-Oct-00,11.810
12-Oct-00,11.820
13-Oct-00,11.810
14-Oct-00,11.800
15-Oct-00,11.790
16-Oct-00,11.790
17-Oct-00,11.800
18-Oct-00,11.800
19-Oct-00,11.790
20-Oct-00,11.780
21-Oct-00,11.785
22-Oct-00,11.770
23-Oct-00,11.765
24-Oct-00,11.760
25-Oct-00,11.755
26-Oct-00,11.760
27-Oct-00,11.780
28-Oct-00,12.160
29-Oct-00,12.525
30-Oct-00,12.635
31-Oct-00,12.675
1-Nov-00,12.685
2-Nov-00,12.675
3-Nov-00,12.945
4-Nov-00,13.380
5-Nov-00,13.390
6-Nov-00,13.385
7-Nov-00,13.365
8-Nov-00,13.345
9-Nov-00,13.330
10-Nov-00,13.270
11-Nov-00,13.275
12-Nov-00,13.270
13-Nov-00,13.265
14-Nov-00,13.255
15-Nov-00,13.250
16-Nov-00,13.255
17-Nov-00,13.250
18-Nov-00,13.265
19-Nov-00,13.255
20-Nov-00,13.235
21-Nov-00,13.215
22-Nov-00,13.185
23-Nov-00,13.150
24-Nov-00,13.140
25-Nov-00,13.120
26-Nov-00,13.110
27-Nov-00,13.060
28-Nov-00,13.050
29-Nov-00,13.020
30-Nov-00,12.955
1-Dec-00,12.975
2-Dec-00,13.060
3-Dec-00,13.100
4-Dec-00,13.105
5-Dec-00,13.065
6-Dec-00,13.070
7-Dec-00,13.085
8-Dec-00,13.025
9-Dec-00,13.005
10-Dec-00,12.975
11-Dec-00,12.970
12-Dec-00,12.940
13-Dec-00,12.940
14-Dec-00,12.915
15-Dec-00,12.915
16-Dec-00,12.965
17-Dec-00,12.945
18-Dec-00,12.800
19-Dec-00,12.790
20-Dec-00,12.780
21-Dec-00,12.780
22-Dec-00,12.740
23-Dec-00,12.740
24-Dec-00,12.740
25-Dec-00,12.680
26-Dec-00,12.680
27-Dec-00,12.750
28-Dec-00,12.735
29-Dec-00,12.735
30-Dec-00,12.695
31-Dec-00,12.685
1-Jan-01,12.655
2-Jan-01,12.645
3-Jan-01,12.595
4-Jan-01,12.590
5-Jan-01,12.540
6-Jan-01,12.530
7-Jan-01,12.495
8-Jan-01,12.470
9-Jan-01,12.445
10-Jan-01,12.425
11-Jan-01,12.395
12-Jan-01,12.379
13-Jan-01,12.365
14-Jan-01,12.345
15-Jan-01,12.325
16-Jan-01,12.310
17-Jan-01,12.285
18-Jan-01,12.265
19-Jan-01,12.195
20-Jan-01,12.185
21-Jan-01,12.150
22-Jan-01,12.135
23-Jan-01,12.100
24-Jan-01,12.065
25-Jan-01,12.055
26-Jan-01,12.035
27-Jan-01,12.020
28-Jan-01,12.035
29-Jan-01,11.945
30-Jan-01,11.945
31-Jan-01,11.930
1-Feb-01,11.915
2-Feb-01,11.895
3-Feb-01,11.880
4-Feb-01,11.875
5-Feb-01,11.850
6-Feb-01,11.835
7-Feb-01,11.810
8-Feb-01,11.795
9-Feb-01,11.785
10-Feb-01,11.760
11-Feb-01,11.750
12-Feb-01,11.735
13-Feb-01,11.725
14-Feb-01,11.710
15-Feb-01,11.690
16-Feb-01,11.670
17-Feb-01,11.660
18-Feb-01,11.635
19-Feb-01,11.635
20-Feb-01,11.655
21-Feb-01,11.660
22-Feb-01,11.705
23-Feb-01,11.705
24-Feb-01,11.710
25-Feb-01,11.710
26-Feb-01,11.700
27-Feb-01,11.705
28-Feb-01,11.685
1-Mar-01,11.680
2-Mar-01,11.675
3-Mar-01,11.650
4-Mar-01,11.635
5-Mar-01,11.595
6-Mar-01,11.590
7-Mar-01,11.590
8-Mar-01,11.585
9-Mar-01,11.570
10-Mar-01,11.565
11-Mar-01,11.565
12-Mar-01,11.540
13-Mar-01,11.530
14-Mar-01,11.505
15-Mar-01,11.545
16-Mar-01,11.475
17-Mar-01,11.465
18-Mar-01,11.455
19-Mar-01,11.430
20-Mar-01,11.425
21-Mar-01,11.410
22-Mar-01,11.395
23-Mar-01,11.375
24-Mar-01,11.350
25-Mar-01,11.345
26-Mar-01,11.330
27-Mar-01,11.325
28-Mar-01,11.325
29-Mar-01,11.315
30-Mar-01,11.300
31-Mar-01,11.290
1-Apr-01,11.270
2-Apr-01,11.250
3-Apr-01,11.255
4-Apr-01,11.240
5-Apr-01,11.235
6-Apr-01,11.225
7-Apr-01,11.220
8-Apr-01,11.215
9-Apr-01,11.210
10-Apr-01,11.185
11-Apr-01,11.190
12-Apr-01,11.190
13-Apr-01,11.180
14-Apr-01,11.170
15-Apr-01,11.145
16-Apr-01,11.135
17-Apr-01,11.120
18-Apr-01,11.110
19-Apr-01,11.120
20-Apr-01,11.105
21-Apr-01,11.095
22-Apr-01,11.085
23-Apr-01,11.075
24-Apr-01,11.060
25-Apr-01,11.060
26-Apr-01,11.045
27-Apr-01,11.040
28-Apr-01,11.030
29-Apr-01,11.020
30-Apr-01,11.010
1-May-01,10.990
2-May-01,10.990
3-May-01,10.990
4-May-01,10.975
5-May-01,10.975
6-May-01,10.960
7-May-01,10.960
8-May-01,10.970
9-May-01,10.980
10-May-01,11.025
11-May-01,11.115
12-May-01,11.150
13-May-01,11.120
14-May-01,11.120
15-May-01,11.120
16-May-01,11.120
17-May-01,11.100
18-May-01,11.100
19-May-01,11.080
20-May-01,11.080
21-May-01,11.080
22-May-01,11.085
23-May-01,11.085
24-May-01,11.100
25-May-01,11.085
26-May-01,11.085
27-May-01,11.090
28-May-01,11.080
29-May-01,11.075
30-May-01,11.085
31-May-01,11.075
1-Jun-01,11.080
2-Jun-01,11.065
3-Jun-01,11.050
4-Jun-01,11.045
5-Jun-01,11.040
6-Jun-01,11.060
7-Jun-01,11.055
8-Jun-01,11.050
9-Jun-01,11.055
10-Jun-01,11.050
11-Jun-01,11.050
12-Jun-01,11.060
13-Jun-01,11.055
14-Jun-01,11.055
15-Jun-01,11.060
16-Jun-01,11.050
17-Jun-01,11.075
18-Jun-01,11.080
19-Jun-01,11.095
20-Jun-01,11.095
21-Jun-01,11.090
22-Jun-01,11.105
23-Jun-01,11.110
24-Jun-01,11.090
25-Jun-01,11.105
26-Jun-01,11.095
27-Jun-01,11.110
28-Jun-01,11.170
29-Jun-01,11.180
30-Jun-01,11.245
1-Jul-01,11.260
2-Jul-01,11.245
3-Jul-01,11.180
4-Jul-01,11.280
5-Jul-01,11.345
6-Jul-01,11.420
7-Jul-01,11.430
8-Jul-01,11.425
9-Jul-01,11.445
10-Jul-01,11.460
11-Jul-01,11.455
12-Jul-01,11.445
13-Jul-01,11.430
14-Jul-01,11.425
15-Jul-01,11.435
16-Jul-01,11.440
17-Jul-01,11.445
18-Jul-01,11.430
19-Jul-01,11.485
20-Jul-01,11.560
21-Jul-01,11.590
22-Jul-01,11.595
23-Jul-01,11.625
24-Jul-01,11.670
25-Jul-01,11.675
26-Jul-01,11.670
27-Jul-01,11.720
28-Jul-01,11.715
29-Jul-01,11.695
30-Jul-01,11.685
31-Jul-01,11.680
1-Aug-01,11.675
2-Aug-01,11.655
3-Aug-01,11.675
4-Aug-01,11.685
5-Aug-01,11.690
6-Aug-01,11.700
7-Aug-01,11.715
8-Aug-01,11.715
9-Aug-01,11.705
10-Aug-01,11.695
11-Aug-01,11.690
12-Aug-01,11.710
13-Aug-01,11.710
14-Aug-01,11.720
15-Aug-01,11.705
16-Aug-01,11.715
17-Aug-01,11.775
18-Aug-01,11.905
19-Aug-01,12.015
20-Aug-01,12.030
21-Aug-01,12.020
22-Aug-01,12.010
23-Aug-01,12.040
24-Aug-01,12.125
25-Aug-01,12.170
26-Aug-01,12.180
27-Aug-01,12.200
28-Aug-01,12.215
29-Aug-01,12.240
30-Aug-01,12.230
31-Aug-01,12.215
1-Sep-01,12.200
2-Sep-01,12.195
3-Sep-01,12.185
4-Sep-01,12.200
5-Sep-01,12.195
6-Sep-01,12.185
7-Sep-01,12.165
8-Sep-01,12.145
9-Sep-01,12.125
10-Sep-01,12.105
11-Sep-01,12.075
12-Sep-01,12.065
13-Sep-01,12.045
14-Sep-01,12.030
15-Sep-01,12.020
16-Sep-01,12.010
17-Sep-01,11.995
18-Sep-01,11.980
19-Sep-01,11.970
20-Sep-01,11.960
21-Sep-01,11.955
22-Sep-01,11.940
23-Sep-01,11.925
24-Sep-01,11.930
25-Sep-01,11.935
26-Sep-01,11.935
27-Sep-01,11.930
28-Sep-01,11.920
29-Sep-01,11.910
30-Sep-01,11.900
1-Oct-01,11.895
2-Oct-01,11.885
3-Oct-01,11.875
4-Oct-01,11.875
5-Oct-01,11.875
6-Oct-01,11.860
7-Oct-01,11.835
8-Oct-01,11.825
9-Oct-01,11.795
10-Oct-01,11.790
11-Oct-01,11.795
12-Oct-01,11.790
13-Oct-01,11.780
14-Oct-01,11.785
15-Oct-01,11.770
16-Oct-01,11.775
17-Oct-01,11.765
18-Oct-01,11.745
19-Oct-01,11.740
20-Oct-01,11.765
21-Oct-01,11.830
22-Oct-01,11.815
23-Oct-01,11.810
24-Oct-01,11.815
25-Oct-01,11.825
26-Oct-01,11.820
27-Oct-01,11.820
28-Oct-01,11.805
29-Oct-01,11.790
30-Oct-01,11.775
31-Oct-01,11.760
1-Nov-01,11.745
2-Nov-01,11.725
3-Nov-01,11.710
4-Nov-01,11.690
5-Nov-01,11.685
6-Nov-01,11.680
7-Nov-01,11.670
8-Nov-01,11.685
9-Nov-01,11.870
10-Nov-01,11.835
11-Nov-01,11.825
12-Nov-01,11.820
13-Nov-01,11.830
14-Nov-01,11.870
15-Nov-01,11.860
16-Nov-01,11.860
17-Nov-01,11.855
18-Nov-01,11.835
19-Nov-01,11.815
20-Nov-01,11.795
21-Nov-01,11.775
22-Nov-01,11.755
23-Nov-01,11.735
24-Nov-01,11.715
25-Nov-01,11.695
26-Nov-01,11.665
27-Nov-01,11.640
28-Nov-01,11.625
29-Nov-01,11.610
30-Nov-01,11.600
1-Dec-01,11.575
2-Dec-01,11.555
3-Dec-01,11.540
4-Dec-01,11.535
5-Dec-01,11.525
6-Dec-01,11.560
7-Dec-01,11.630
8-Dec-01,11.650
9-Dec-01,11.665
10-Dec-01,11.675
11-Dec-01,11.685
12-Dec-01,11.695
13-Dec-01,11.685
14-Dec-01,11.675
15-Dec-01,11.660
16-Dec-01,11.665
17-Dec-01,11.650
18-Dec-01,11.645
19-Dec-01,11.635
20-Dec-01,11.620
21-Dec-01,11.615
22-Dec-01,11.595
23-Dec-01,11.575
24-Dec-01,11.560
25-Dec-01,11.535
26-Dec-01,11.515
27-Dec-01,11.505
28-Dec-01,11.485
29-Dec-01,11.625
30-Dec-01,11.460
31-Dec-01,11.450
1-Jan-02,11.445
2-Jan-02,11.420
3-Jan-02,11.400
4-Jan-02,11.395
5-Jan-02,11.365
6-Jan-02,11.350
7-Jan-02,11.340
8-Jan-02,11.320
9-Jan-02,11.290
10-Jan-02,11.275
11-Jan-02,11.265
12-Jan-02,11.255
13-Jan-02,11.245
14-Jan-02,11.235
15-Jan-02,11.230
16-Jan-02,11.225
17-Jan-02,11.215
18-Jan-02,11.205
19-Jan-02,11.190
20-Jan-02,11.175
21-Jan-02,11.155
22-Jan-02,11.145
23-Jan-02,11.125
24-Jan-02,11.115
25-Jan-02,11.100
26-Jan-02,11.070
27-Jan-02,11.060
28-Jan-02,11.070
29-Jan-02,11.055
30-Jan-02,11.055
31-Jan-02,11.045
1-Feb-02,11.040
2-Feb-02,11.040
3-Feb-02,11.025
4-Feb-02,11.010
5-Feb-02,11.005
6-Feb-02,10.985
7-Feb-02,10.975
8-Feb-02,10.970
9-Feb-02,10.985
10-Feb-02,10.990
11-Feb-02,10.965
12-Feb-02,10.955
13-Feb-02,10.955
14-Feb-02,10.950
15-Feb-02,10.935
16-Feb-02,10.930
17-Feb-02,10.925
18-Feb-02,10.915
19-Feb-02,10.905
20-Feb-02,10.895
21-Feb-02,10.870
22-Feb-02,10.850
23-Feb-02,10.850
24-Feb-02,10.845
25-Feb-02,10.835
26-Feb-02,10.820
27-Feb-02,10.820
28-Feb-02,10.815
1-Mar-02,10.810
2-Mar-02,10.805
3-Mar-02,10.800
4-Mar-02,10.780
5-Mar-02,10.775
6-Mar-02,10.765
7-Mar-02,10.760
8-Mar-02,10.755
9-Mar-02,10.740
10-Mar-02,10.735
11-Mar-02,10.730
12-Mar-02,10.730
13-Mar-02,10.725
14-Mar-02,10.720
15-Mar-02,10.720
16-Mar-02,10.715
17-Mar-02,10.710
18-Mar-02,10.705
19-Mar-02,10.695
20-Mar-02,10.685
21-Mar-02,10.680
22-Mar-02,10.680
23-Mar-02,10.680
24-Mar-02,10.680
25-Mar-02,10.675
26-Mar-02,10.670
27-Mar-02,10.670
28-Mar-02,10.670
29-Mar-02,10.665
30-Mar-02,10.655
31-Mar-02,10.645
1-Apr-02,10.630
2-Apr-02,10.620
3-Apr-02,10.620
4-Apr-02,10.620
5-Apr-02,10.620
6-Apr-02,10.620
7-Apr-02,10.620
8-Apr-02,10.620
9-Apr-02,10.615
10-Apr-02,10.600
11-Apr-02,10.600
12-Apr-02,10.590
13-Apr-02,10.590
14-Apr-02,10.580
15-Apr-02,10.575
16-Apr-02,10.595
17-Apr-02,10.600
18-Apr-02,10.590
19-Apr-02,10.555
20-Apr-02,10.570
21-Apr-02,10.570
22-Apr-02,10.570
23-Apr-02,10.570
24-Apr-02,10.570
25-Apr-02,10.565
26-Apr-02,10.565
27-Apr-02,10.560
28-Apr-02,10.550
29-Apr-02,10.550
30-Apr-02,10.550
1-May-02,10.550
2-May-02,10.540
3-May-02,10.530
4-May-02,10.530
5-May-02,10.530
6-May-02,10.530
7-May-02,10.530
8-May-02,10.530
9-May-02,10.535
10-May-02,10.540
11-May-02,10.540
12-May-02,10.535
13-May-02,10.530
14-May-02,10.530
15-May-02,10.530
16-May-02,10.545
17-May-02,10.560
18-May-02,10.560
19-May-02,10.560
20-May-02,10.560
21-May-02,10.575
22-May-02,10.610
23-May-02,10.625
24-May-02,10.650
25-May-02,10.655
26-May-02,10.670
27-May-02,10.675
28-May-02,10.690
29-May-02,10.695
30-May-02,10.710
31-May-02,10.720
1-Jun-02,10.720
2-Jun-02,10.720
3-Jun-02,10.730
4-Jun-02,10.740
5-Jun-02,10.750
6-Jun-02,10.760
7-Jun-02,10.760
8-Jun-02,10.760
9-Jun-02,10.760
10-Jun-02,10.750
11-Jun-02,10.740
12-Jun-02,10.740
13-Jun-02,10.730
14-Jun-02,10.730
15-Jun-02,10.720
16-Jun-02,10.720
17-Jun-02,10.720
18-Jun-02,10.710
19-Jun-02,10.710
20-Jun-02,10.710
21-Jun-02,10.730
22-Jun-02,10.730
23-Jun-02,10.740
24-Jun-02,10.740
25-Jun-02,10.760
26-Jun-02,10.770
27-Jun-02,10.780
28-Jun-02,10.780
29-Jun-02,10.790
30-Jun-02,10.790
1-Jul-02,10.805
2-Jul-02,10.825
3-Jul-02,10.845
4-Jul-02,10.855
5-Jul-02,10.885
6-Jul-02,10.945
7-Jul-02,11.095
8-Jul-02,11.255
9-Jul-02,11.340
10-Jul-02,11.365
11-Jul-02,11.370
12-Jul-02,11.440
13-Jul-02,11.545
14-Jul-02,11.670
15-Jul-02,11.710
16-Jul-02,11.740
17-Jul-02,11.730
18-Jul-02,11.720
19-Jul-02,11.710
20-Jul-02,11.805
21-Jul-02,12.120
22-Jul-02,12.195
23-Jul-02,12.215
24-Jul-02,12.205
25-Jul-02,12.250
26-Jul-02,12.330
27-Jul-02,12.370
28-Jul-02,12.370
29-Jul-02,12.350
30-Jul-02,12.340
31-Jul-02,12.350
1-Aug-02,12.360
2-Aug-02,12.355
3-Aug-02,12.335
4-Aug-02,12.315
5-Aug-02,12.295
6-Aug-02,12.275
7-Aug-02,12.255
8-Aug-02,12.240
9-Aug-02,12.240
10-Aug-02,12.242
11-Aug-02,12.250
12-Aug-02,12.255
13-Aug-02,12.375
14-Aug-02,12.525
15-Aug-02,12.550
16-Aug-02,12.595
17-Aug-02,12.600
18-Aug-02,12.580
19-Aug-02,12.565
20-Aug-02,12.542
21-Aug-02,12.535
22-Aug-02,12.505
23-Aug-02,12.490
24-Aug-02,12.485
25-Aug-02,12.490
26-Aug-02,12.480
27-Aug-02,12.490
28-Aug-02,12.485
29-Aug-02,12.470
30-Aug-02,12.460
31-Aug-02,12.440
1-Sep-02,12.420
2-Sep-02,12.395
3-Sep-02,12.370
4-Sep-02,12.355
5-Sep-02,12.340
6-Sep-02,12.350
7-Sep-02,12.350
8-Sep-02,12.375
9-Sep-02,12.350
10-Sep-02,12.405
11-Sep-02,12.420
12-Sep-02,12.425
13-Sep-02,12.425
14-Sep-02,12.405
15-Sep-02,12.405
16-Sep-02,12.430
17-Sep-02,12.435
18-Sep-02,12.460
19-Sep-02,12.480
20-Sep-02,12.475
21-Sep-02,12.465
22-Sep-02,12.455
23-Sep-02,12.445
24-Sep-02,12.435
25-Sep-02,12.410
26-Sep-02,12.410
27-Sep-02,12.400
28-Sep-02,12.395
29-Sep-02,12.360
30-Sep-02,12.365
1-Oct-02,12.345
2-Oct-02,12.315
3-Oct-02,12.295
4-Oct-02,12.275
5-Oct-02,12.265
6-Oct-02,12.255
7-Oct-02,12.240
8-Oct-02,12.230
9-Oct-02,12.230
10-Oct-02,12.225
11-Oct-02,12.280
12-Oct-02,12.280
13-Oct-02,12.275
14-Oct-02,12.255
15-Oct-02,12.240
16-Oct-02,12.235
17-Oct-02,12.225
18-Oct-02,12.205
19-Oct-02,12.200
20-Oct-02,12.190
21-Oct-02,12.170
22-Oct-02,12.130
23-Oct-02,12.105
24-Oct-02,12.080
25-Oct-02,12.080
26-Oct-02,12.065
27-Oct-02,12.045
28-Oct-02,12.025
29-Oct-02,12.020
30-Oct-02,12.015
31-Oct-02,12.010
1-Nov-02,11.995
2-Nov-02,11.955
3-Nov-02,11.940
4-Nov-02,11.945
5-Nov-02,12.025
6-Nov-02,12.030
7-Nov-02,12.025
8-Nov-02,12.015
9-Nov-02,12.010
10-Nov-02,12.000
11-Nov-02,12.040
12-Nov-02,12.060
13-Nov-02,12.030
14-Nov-02,12.050
15-Nov-02,12.085
16-Nov-02,12.070
17-Nov-02,12.045
18-Nov-02,12.025
19-Nov-02,12.010
20-Nov-02,12.040
21-Nov-02,11.990
22-Nov-02,11.990
23-Nov-02,11.985
24-Nov-02,11.970
25-Nov-02,11.955
26-Nov-02,11.935
27-Nov-02,11.945
28-Nov-02,11.930
29-Nov-02,11.925
30-Nov-02,11.910
1-Dec-02,11.900
2-Dec-02,11.875
3-Dec-02,11.863
4-Dec-02,11.855
5-Dec-02,11.840
6-Dec-02,11.835
7-Dec-02,11.815
8-Dec-02,11.800
9-Dec-02,11.785
10-Dec-02,11.770
11-Dec-02,11.755
12-Dec-02,11.735
13-Dec-02,11.705
14-Dec-02,11.675
15-Dec-02,11.675
16-Dec-02,11.710
17-Dec-02,11.720
18-Dec-02,11.730
19-Dec-02,11.725
20-Dec-02,11.715
21-Dec-02,11.705
22-Dec-02,11.695
23-Dec-02,11.675
24-Dec-02,11.660
25-Dec-02,11.645
26-Dec-02,11.635
27-Dec-02,11.635
28-Dec-02,11.615
29-Dec-02,11.600
30-Dec-02,11.585
31-Dec-02,11.565
1-Jan-03,11.545
2-Jan-03,11.525
3-Jan-03,11.500
4-Jan-03,11.470
5-Jan-03,11.460
6-Jan-03,11.450
7-Jan-03,11.442
8-Jan-03,11.425
9-Jan-03,11.410
10-Jan-03,11.395
11-Jan-03,11.375
12-Jan-03,11.365
13-Jan-03,11.350
14-Jan-03,11.345
15-Jan-03,11.325
16-Jan-03,11.305
17-Jan-03,11.285
18-Jan-03,11.270
19-Jan-03,11.260
20-Jan-03,11.250
21-Jan-03,11.240
22-Jan-03,11.225
23-Jan-03,11.210
24-Jan-03,11.205
25-Jan-03,11.185
26-Jan-03,11.170
27-Jan-03,11.160
28-Jan-03,11.150
29-Jan-03,11.135
30-Jan-03,11.115
31-Jan-03,11.100
1-Feb-03,11.090
2-Feb-03,11.075
3-Feb-03,11.050
4-Feb-03,11.045
5-Feb-03,11.035
6-Feb-03,11.030
7-Feb-03,11.020
8-Feb-03,11.010
9-Feb-03,11.010
10-Feb-03,10.990
11-Feb-03,10.980
12-Feb-03,10.970
13-Feb-03,10.955
14-Feb-03,10.945
15-Feb-03,10.930
16-Feb-03,10.920
17-Feb-03,10.910
18-Feb-03,10.905
19-Feb-03,10.895
20-Feb-03,10.895
21-Feb-03,10.900
22-Feb-03,10.885
23-Feb-03,10.870
24-Feb-03,10.860
25-Feb-03,10.850
26-Feb-03,10.835
27-Feb-03,10.830
28-Feb-03,10.820
1-Mar-03,10.815
2-Mar-03,10.805
3-Mar-03,10.800
4-Mar-03,10.790
5-Mar-03,10.785
6-Mar-03,10.780
7-Mar-03,10.770
8-Mar-03,10.755
9-Mar-03,10.740
10-Mar-03,10.730
11-Mar-03,10.720
12-Mar-03,10.705
13-Mar-03,10.690
14-Mar-03,10.680
15-Mar-03,10.670
16-Mar-03,10.660
17-Mar-03,10.650
18-Mar-03,10.650
19-Mar-03,10.650
20-Mar-03,10.650
21-Mar-03,10.645
22-Mar-03,10.640
23-Mar-03,10.630
24-Mar-03,10.630
25-Mar-03,10.630
26-Mar-03,10.620
27-Mar-03,10.620
28-Mar-03,10.610
29-Mar-03,10.610
30-Mar-03,10.600
31-Mar-03,10.600
1-Apr-03,10.590
2-Apr-03,10.590
3-Apr-03,10.590
4-Apr-03,10.590
5-Apr-03,10.590
6-Apr-03,10.590
7-Apr-03,10.590
8-Apr-03,10.580
9-Apr-03,10.580
10-Apr-03,10.580
11-Apr-03,10.580
12-Apr-03,10.570
13-Apr-03,10.570
14-Apr-03,10.570
15-Apr-03,10.560
16-Apr-03,10.560
17-Apr-03,10.560
18-Apr-03,10.550
19-Apr-03,10.550
20-Apr-03,10.550
21-Apr-03,10.550
22-Apr-03,10.550
23-Apr-03,10.550
24-Apr-03,10.550
25-Apr-03,10.550
26-Apr-03,10.550
27-Apr-03,10.550
28-Apr-03,10.550
29-Apr-03,10.540
30-Apr-03,10.540
1-May-03,10.540
2-May-03,10.540
3-May-03,10.530
4-May-03,10.530
5-May-03,10.530
6-May-03,10.530
7-May-03,10.530
8-May-03,10.545
9-May-03,10.560
10-May-03,10.570
11-May-03,10.575
12-May-03,10.580
13-May-03,10.585
14-May-03,10.600
15-May-03,10.595
16-May-03,10.600
17-May-03,10.605
18-May-03,10.610
19-May-03,10.620
20-May-03,10.620
21-May-03,10.620
22-May-03,10.620
23-May-03,10.620
24-May-03,10.640
25-May-03,10.680
26-May-03,10.690
27-May-03,10.731
28-May-03,10.980
29-May-03,11.170
30-May-03,11.250
31-May-03,11.270
1-Jun-03,11.260
2-Jun-03,11.280
3-Jun-03,11.280
4-Jun-03,11.270
5-Jun-03,11.270
6-Jun-03,11.265
7-Jun-03,11.260
8-Jun-03,11.250
9-Jun-03,11.245
10-Jun-03,11.225
11-Jun-03,11.210
12-Jun-03,11.200
13-Jun-03,11.195
14-Jun-03,11.185
15-Jun-03,11.205
16-Jun-03,11.235
17-Jun-03,11.265
18-Jun-03,11.280
19-Jun-03,11.285
20-Jun-03,11.305
21-Jun-03,11.300
22-Jun-03,11.290
23-Jun-03,11.280
24-Jun-03,11.275
25-Jun-03,11.275
26-Jun-03,11.280
27-Jun-03,11.275
28-Jun-03,11.265
29-Jun-03,11.245
30-Jun-03,11.220
1-Jul-03,11.210
2-Jul-03,11.200
3-Jul-03,11.190
4-Jul-03,11.180
5-Jul-03,11.170
6-Jul-03,11.180
7-Jul-03,11.165
8-Jul-03,11.150
9-Jul-03,11.140
10-Jul-03,11.150
11-Jul-03,11.150
12-Jul-03,11.170
13-Jul-03,11.180
14-Jul-03,11.165
15-Jul-03,11.150
16-Jul-03,11.140
17-Jul-03,11.135
18-Jul-03,11.155
19-Jul-03,11.170
20-Jul-03,11.175
21-Jul-03,11.190
22-Jul-03,11.265
23-Jul-03,11.330
24-Jul-03,11.340
25-Jul-03,11.345
26-Jul-03,11.360
27-Jul-03,11.355
28-Jul-03,11.345
29-Jul-03,11.345
30-Jul-03,11.340
31-Jul-03,11.345
1-Aug-03,11.350
2-Aug-03,11.365
3-Aug-03,11.365
4-Aug-03,11.355
5-Aug-03,11.355
6-Aug-03,11.360
7-Aug-03,11.365
8-Aug-03,11.370
9-Aug-03,11.380
10-Aug-03,11.375
11-Aug-03,11.355
12-Aug-03,11.350
13-Aug-03,11.350
14-Aug-03,11.350
15-Aug-03,11.360
16-Aug-03,11.380
17-Aug-03,11.400
18-Aug-03,11.400
19-Aug-03,11.420
20-Aug-03,11.450
21-Aug-03,11.450
22-Aug-03,11.445
23-Aug-03,11.470
24-Aug-03,11.460
25-Aug-03,11.450
26-Aug-03,11.445
27-Aug-03,11.450
28-Aug-03,11.440
29-Aug-03,11.450
30-Aug-03,11.440
31-Aug-03,11.430
1-Sep-03,11.430
2-Sep-03,11.445
3-Sep-03,11.560
4-Sep-03,11.610
5-Sep-03,11.605
6-Sep-03,11.600
7-Sep-03,11.600
8-Sep-03,11.600
9-Sep-03,11.605
10-Sep-03,11.610
11-Sep-03,11.610
12-Sep-03,11.610
13-Sep-03,11.620
14-Sep-03,11.610
15-Sep-03,11.600
16-Sep-03,11.610
17-Sep-03,11.620
18-Sep-03,11.630
19-Sep-03,11.640
20-Sep-03,11.640
21-Sep-03,11.640
22-Sep-03,11.630
23-Sep-03,11.620
24-Sep-03,11.610
25-Sep-03,11.600
26-Sep-03,11.610
27-Sep-03,11.625
28-Sep-03,11.645
29-Sep-03,11.710
30-Sep-03,11.770
1-Oct-03,11.770
2-Oct-03,11.755
3-Oct-03,11.740
4-Oct-03,11.725
5-Oct-03,11.710
6-Oct-03,11.705
7-Oct-03,11.690
8-Oct-03,11.680
9-Oct-03,11.685
10-Oct-03,11.665
11-Oct-03,11.650
12-Oct-03,11.635
13-Oct-03,11.605
14-Oct-03,11.590
15-Oct-03,11.595
16-Oct-03,11.595
17-Oct-03,11.620
18-Oct-03,11.610
19-Oct-03,11.610
20-Oct-03,11.600
21-Oct-03,11.570
22-Oct-03,11.580
23-Oct-03,11.570
24-Oct-03,11.555
25-Oct-03,11.535
26-Oct-03,11.510
27-Oct-03,11.495
28-Oct-03,11.475
29-Oct-03,11.460
30-Oct-03,11.455
31-Oct-03,11.445
1-Nov-03,11.430
2-Nov-03,11.420
3-Nov-03,11.420
4-Nov-03,11.415
5-Nov-03,11.410
6-Nov-03,11.390
7-Nov-03,11.400
8-Nov-03,11.410
9-Nov-03,11.410
10-Nov-03,11.405
11-Nov-03,11.395
12-Nov-03,11.390
13-Nov-03,11.385
14-Nov-03,11.425
15-Nov-03,11.485
16-Nov-03,11.530
17-Nov-03,11.530
18-Nov-03,11.520
19-Nov-03,11.510
20-Nov-03,11.500
21-Nov-03,11.500
22-Nov-03,11.495
23-Nov-03,11.480
24-Nov-03,11.465
25-Nov-03,11.450
26-Nov-03,11.450
27-Nov-03,11.450
28-Nov-03,11.440
29-Nov-03,11.430
30-Nov-03,11.420
1-Dec-03,11.405
2-Dec-03,11.375
3-Dec-03,11.345
4-Dec-03,11.330
5-Dec-03,11.310
6-Dec-03,11.305
7-Dec-03,11.295
8-Dec-03,11.275
9-Dec-03,11.265
10-Dec-03,11.250
11-Dec-03,11.240
12-Dec-03,11.240
13-Dec-03,11.235
14-Dec-03,11.230
15-Dec-03,11.220
16-Dec-03,11.210
17-Dec-03,11.200
18-Dec-03,11.185
19-Dec-03,11.175
20-Dec-03,11.165
21-Dec-03,11.155
22-Dec-03,11.135
23-Dec-03,11.120
24-Dec-03,11.110
25-Dec-03,11.105
26-Dec-03,11.095
27-Dec-03,11.085
28-Dec-03,11.075
29-Dec-03,11.065
30-Dec-03,11.055
31-Dec-03,11.045
1-Jan-04,11.035
2-Jan-04,11.020
3-Jan-04,11.010
4-Jan-04,10.990
5-Jan-04,10.990
6-Jan-04,10.980
7-Jan-04,10.980
8-Jan-04,10.980
9-Jan-04,10.980
10-Jan-04,10.980
11-Jan-04,10.970
12-Jan-04,10.955
13-Jan-04,10.940
14-Jan-04,10.930
15-Jan-04,10.930
16-Jan-04,10.920
17-Jan-04,10.910
18-Jan-04,10.910
19-Jan-04,10.900
20-Jan-04,10.890
21-Jan-04,10.890
22-Jan-04,10.890
23-Jan-04,10.885
24-Jan-04,10.880
25-Jan-04,10.875
26-Jan-04,10.865
27-Jan-04,10.850
28-Jan-04,10.850
29-Jan-04,10.850
30-Jan-04,10.840
31-Jan-04,10.825
1-Feb-04,10.815
2-Feb-04,10.810
3-Feb-04,10.800
4-Feb-04,10.795
5-Feb-04,10.785
6-Feb-04,10.780
7-Feb-04,10.770
8-Feb-04,10.770
9-Feb-04,10.770
10-Feb-04,10.765
11-Feb-04,10.760
12-Feb-04,10.750
13-Feb-04,10.750
14-Feb-04,10.740
15-Feb-04,10.730
16-Feb-04,10.725
17-Feb-04,10.710
18-Feb-04,10.700
19-Feb-04,10.700
20-Feb-04,10.700
21-Feb-04,10.700
22-Feb-04,10.700
23-Feb-04,10.695
24-Feb-04,10.720
25-Feb-04,10.720
26-Feb-04,10.715
27-Feb-04,10.705
28-Feb-04,10.685
29-Feb-04,10.670
1-Mar-04,10.670
2-Mar-04,10.670
3-Mar-04,10.670
4-Mar-04,10.680
5-Mar-04,10.670
6-Mar-04,10.660
7-Mar-04,10.650
8-Mar-04,10.640
9-Mar-04,10.630
10-Mar-04,10.620
11-Mar-04,10.620
12-Mar-04,10.620
13-Mar-04,10.620
14-Mar-04,10.620
15-Mar-04,10.610
16-Mar-04,10.610
17-Mar-04,10.610
18-Mar-04,10.600
19-Mar-04,10.600
20-Mar-04,10.600
21-Mar-04,10.600
22-Mar-04,10.610
23-Mar-04,10.600
24-Mar-04,10.600
25-Mar-04,10.600
26-Mar-04,10.600
27-Mar-04,10.600
28-Mar-04,10.600
29-Mar-04,10.590
30-Mar-04,10.590
31-Mar-04,10.585
1-Apr-04,10.575
2-Apr-04,10.560
3-Apr-04,10.560
4-Apr-04,10.560
5-Apr-04,10.560
6-Apr-04,10.560
7-Apr-04,10.560
8-Apr-04,10.550
9-Apr-04,10.550
10-Apr-04,10.550
11-Apr-04,10.540
12-Apr-04,10.540
13-Apr-04,10.540
14-Apr-04,10.540
15-Apr-04,10.540
16-Apr-04,10.550
17-Apr-04,10.555
18-Apr-04,10.560
19-Apr-04,10.570
20-Apr-04,10.570
21-Apr-04,10.570
22-Apr-04,10.565
23-Apr-04,10.560
24-Apr-04,10.560
25-Apr-04,10.555
26-Apr-04,10.550
27-Apr-04,10.540
28-Apr-04,10.542
29-Apr-04,10.530
30-Apr-04,10.530
1-May-04,10.530
2-May-04,10.530
3-May-04,10.530
4-May-04,10.530
5-May-04,10.530
6-May-04,10.530
7-May-04,10.540
8-May-04,10.565
9-May-04,10.585
10-May-04,10.630
11-May-04,10.600
12-May-04,10.600
13-May-04,10.610
14-May-04,10.620
15-May-04,10.610
16-May-04,10.610
17-May-04,10.625
18-May-04,10.660
19-May-04,10.670
20-May-04,10.680
21-May-04,10.700
22-May-04,10.730
23-May-04,10.755
24-May-04,10.745
25-May-04,10.740
26-May-04,10.740
27-May-04,10.740
28-May-04,10.740
29-May-04,10.735
30-May-04,10.725
31-May-04,10.720
1-Jun-04,10.720
2-Jun-04,10.725
3-Jun-04,10.760
4-Jun-04,10.785
5-Jun-04,10.805
6-Jun-04,10.825
7-Jun-04,10.855
8-Jun-04,10.860
9-Jun-04,10.860
10-Jun-04,10.860
11-Jun-04,10.865
12-Jun-04,10.870
13-Jun-04,10.875
14-Jun-04,10.895
15-Jun-04,10.915
16-Jun-04,10.930
17-Jun-04,10.930
18-Jun-04,10.935
19-Jun-04,10.950
20-Jun-04,10.930
21-Jun-04,10.940
22-Jun-04,10.940
23-Jun-04,10.940
24-Jun-04,10.950
25-Jun-04,10.950
26-Jun-04,10.940
27-Jun-04,10.940
28-Jun-04,10.930
29-Jun-04,10.935
30-Jun-04,10.950
1-Jul-04,10.960
2-Jul-04,10.960
3-Jul-04,10.960
4-Jul-04,10.960
5-Jul-04,10.960
6-Jul-04,10.960
7-Jul-04,10.970
8-Jul-04,10.970
9-Jul-04,10.955
10-Jul-04,10.945
11-Jul-04,10.935
12-Jul-04,10.930
13-Jul-04,10.920
14-Jul-04,10.920
15-Jul-04,10.910
16-Jul-04,10.910
17-Jul-04,10.925
18-Jul-04,10.940
19-Jul-04,10.950
20-Jul-04,10.955
21-Jul-04,10.985
22-Jul-04,11.000
23-Jul-04,11.000
24-Jul-04,11.040
25-Jul-04,11.085
26-Jul-04,11.105
27-Jul-04,11.131
28-Jul-04,11.140
29-Jul-04,11.130
30-Jul-04,11.140
31-Jul-04,11.140
1-Aug-04,11.150
2-Aug-04,11.145
3-Aug-04,11.165
4-Aug-04,11.195
5-Aug-04,11.230
6-Aug-04,11.240
7-Aug-04,11.255
8-Aug-04,11.275
9-Aug-04,11.305
10-Aug-04,11.330
11-Aug-04,11.340
12-Aug-04,11.350
13-Aug-04,11.360
14-Aug-04,11.400
15-Aug-04,11.450
16-Aug-04,11.495
17-Aug-04,11.515
18-Aug-04,11.535
19-Aug-04,11.535
20-Aug-04,11.530
21-Aug-04,11.530
22-Aug-04,11.530
23-Aug-04,11.520
24-Aug-04,11.510
25-Aug-04,11.540
26-Aug-04,11.655
27-Aug-04,11.700
28-Aug-04,11.700
29-Aug-04,11.690
30-Aug-04,11.680
31-Aug-04,11.675
1-Sep-04,11.705
2-Sep-04,11.730
3-Sep-04,11.730
4-Sep-04,11.725
5-Sep-04,11.745
6-Sep-04,11.740
7-Sep-04,11.725
8-Sep-04,11.710
9-Sep-04,11.700
10-Sep-04,11.685
11-Sep-04,11.670
12-Sep-04,11.660
13-Sep-04,11.655
14-Sep-04,11.650
15-Sep-04,11.640
16-Sep-04,11.635
17-Sep-04,11.665
18-Sep-04,11.650
19-Sep-04,11.645
20-Sep-04,11.625
21-Sep-04,11.610
22-Sep-04,11.600
23-Sep-04,11.600
24-Sep-04,11.585
25-Sep-04,11.565
26-Sep-04,11.550
27-Sep-04,11.535
28-Sep-04,11.520
29-Sep-04,11.505
30-Sep-04,11.490
1-Oct-04,11.495
2-Oct-04,11.515
3-Oct-04,11.515
4-Oct-04,11.505
5-Oct-04,11.510
6-Oct-04,11.510
7-Oct-04,11.510
8-Oct-04,11.515
9-Oct-04,11.515
10-Oct-04,11.500
11-Oct-04,11.495
12-Oct-04,11.480
13-Oct-04,11.470
14-Oct-04,11.460
15-Oct-04,11.445
16-Oct-04,11.430
17-Oct-04,11.420
18-Oct-04,11.405
19-Oct-04,11.390
20-Oct-04,11.380
21-Oct-04,11.370
22-Oct-04,11.355
23-Oct-04,11.335
24-Oct-04,11.315
25-Oct-04,11.295
26-Oct-04,11.280
27-Oct-04,11.270
28-Oct-04,11.260
29-Oct-04,11.260
30-Oct-04,11.250
31-Oct-04,11.235
1-Nov-04,11.230
2-Nov-04,11.220
3-Nov-04,11.230
4-Nov-04,11.240
5-Nov-04,11.260
6-Nov-04,11.295
7-Nov-04,11.300
8-Nov-04,11.290
9-Nov-04,11.290
10-Nov-04,11.290
11-Nov-04,11.295
12-Nov-04,11.320
13-Nov-04,11.340
14-Nov-04,11.340
15-Nov-04,11.350
16-Nov-04,11.350
17-Nov-04,11.340
18-Nov-04,11.340
19-Nov-04,11.345
20-Nov-04,11.355
21-Nov-04,11.375
22-Nov-04,11.390
23-Nov-04,11.410
24-Nov-04,11.400
25-Nov-04,11.390
26-Nov-04,11.385
27-Nov-04,11.380
28-Nov-04,11.370
29-Nov-04,11.425
30-Nov-04,11.660
1-Dec-04,11.710
2-Dec-04,11.760
3-Dec-04,11.860
4-Dec-04,11.880
5-Dec-04,11.890
6-Dec-04,11.880
7-Dec-04,11.880
8-Dec-04,11.870
9-Dec-04,11.860
10-Dec-04,11.845
11-Dec-04,11.825
12-Dec-04,11.810
13-Dec-04,11.800
14-Dec-04,11.785
15-Dec-04,11.770
16-Dec-04,11.760
17-Dec-04,11.745
18-Dec-04,11.725
19-Dec-04,11.705
20-Dec-04,11.685
21-Dec-04,11.670
22-Dec-04,11.655
23-Dec-04,11.635
24-Dec-04,11.615
25-Dec-04,11.595
26-Dec-04,11.575
27-Dec-04,11.555
28-Dec-04,11.540
29-Dec-04,11.530
30-Dec-04,11.515
31-Dec-04,11.495
1-Jan-05,11.475
2-Jan-05,11.455
3-Jan-05,11.435
4-Jan-05,11.415
5-Jan-05,11.400
6-Jan-05,11.390
7-Jan-05,11.375
8-Jan-05,11.370
9-Jan-05,11.355
10-Jan-05,11.340
11-Jan-05,11.330
12-Jan-05,11.320
13-Jan-05,11.310
14-Jan-05,11.300
15-Jan-05,11.285
16-Jan-05,11.280
17-Jan-05,11.265
18-Jan-05,11.245
19-Jan-05,11.230
20-Jan-05,11.215
21-Jan-05,11.200
22-Jan-05,11.195
23-Jan-05,11.190
24-Jan-05,11.180
25-Jan-05,11.175
26-Jan-05,11.155
27-Jan-05,11.135
28-Jan-05,11.125
29-Jan-05,11.110
30-Jan-05,11.100
31-Jan-05,11.090
1-Feb-05,11.075
2-Feb-05,11.055
3-Feb-05,11.035
4-Feb-05,11.020
5-Feb-05,11.020
6-Feb-05,11.010
7-Feb-05,11.010
8-Feb-05,11.000
9-Feb-05,11.010
10-Feb-05,11.020
11-Feb-05,11.030
12-Feb-05,11.025
13-Feb-05,11.025
14-Feb-05,10.935
15-Feb-05,10.930
16-Feb-05,10.910
17-Feb-05,10.900
18-Feb-05,10.890
19-Feb-05,10.890
20-Feb-05,10.890
21-Feb-05,10.875
22-Feb-05,10.860
23-Feb-05,10.855
24-Feb-05,10.850
25-Feb-05,10.840
26-Feb-05,10.835
27-Feb-05,10.825
28-Feb-05,10.805
1-Mar-05,10.800
2-Mar-05,10.790
3-Mar-05,10.775
4-Mar-05,10.765
5-Mar-05,10.750
6-Mar-05,10.760
7-Mar-05,10.730
8-Mar-05,10.720
9-Mar-05,10.720
10-Mar-05,10.720
11-Mar-05,10.700
12-Mar-05,10.690
13-Mar-05,10.690
14-Mar-05,10.680
15-Mar-05,10.675
16-Mar-05,10.665
17-Mar-05,10.660
18-Mar-05,10.665
19-Mar-05,10.670
20-Mar-05,10.680
21-Mar-05,10.670
22-Mar-05,10.670
23-Mar-05,10.670
24-Mar-05,10.670
25-Mar-05,10.680
26-Mar-05,10.665
27-Mar-05,10.650
28-Mar-05,10.640
29-Mar-05,10.640
30-Mar-05,10.630
31-Mar-05,10.635
1-Apr-05,10.650
2-Apr-05,10.640
3-Apr-05,10.640
4-Apr-05,10.670
5-Apr-05,10.660
6-Apr-05,10.660
7-Apr-05,10.660
8-Apr-05,10.670
9-Apr-05,10.680
10-Apr-05,10.670
11-Apr-05,10.670
12-Apr-05,10.665
13-Apr-05,10.660
14-Apr-05,10.660
15-Apr-05,10.650
16-Apr-05,10.650
17-Apr-05,10.650
18-Apr-05,10.650
19-Apr-05,10.640
20-Apr-05,10.640
21-Apr-05,10.640
22-Apr-05,10.630
23-Apr-05,10.630
24-Apr-05,10.630
25-Apr-05,10.630
26-Apr-05,10.620
27-Apr-05,10.620
28-Apr-05,10.620
29-Apr-05,10.630
30-Apr-05,10.630
1-May-05,10.630
2-May-05,10.640
3-May-05,10.630
4-May-05,10.620
5-May-05,10.620
6-May-05,10.610
7-May-05,10.620
8-May-05,10.620
9-May-05,10.620
10-May-05,10.620
11-May-05,10.625
12-May-05,10.640
13-May-05,10.640
14-May-05,10.650
15-May-05,10.650
16-May-05,10.650
17-May-05,10.640
18-May-05,10.650
19-May-05,10.650
20-May-05,10.650
21-May-05,10.640
22-May-05,10.640
23-May-05,10.640
24-May-05,10.650
25-May-05,10.660
26-May-05,10.660
27-May-05,10.680
28-May-05,10.670
29-May-05,10.670
30-May-05,10.680
31-May-05,10.690
1-Jun-05,10.700
2-Jun-05,10.710
3-Jun-05,10.710
4-Jun-05,10.725
5-Jun-05,10.740
6-Jun-05,10.750
7-Jun-05,10.760
8-Jun-05,10.770
9-Jun-05,10.780
10-Jun-05,10.800
11-Jun-05,10.800
12-Jun-05,10.820
13-Jun-05,10.820
14-Jun-05,10.820
15-Jun-05,10.830
16-Jun-05,10.830
17-Jun-05,10.830
18-Jun-05,10.830
19-Jun-05,10.830
20-Jun-05,10.850
21-Jun-05,10.860
22-Jun-05,10.870
23-Jun-05,10.880
24-Jun-05,10.880
25-Jun-05,10.850
26-Jun-05,10.890
27-Jun-05,10.890
28-Jun-05,10.900
29-Jun-05,10.910
30-Jun-05,10.910
1-Jul-05,10.925
2-Jul-05,10.940
3-Jul-05,10.950
4-Jul-05,10.960
5-Jul-05,10.980
6-Jul-05,11.050
7-Jul-05,11.050
8-Jul-05,11.060
9-Jul-05,11.060
10-Jul-05,11.050
11-Jul-05,11.040
12-Jul-05,11.040
13-Jul-05,11.030
14-Jul-05,11.030
15-Jul-05,11.030
16-Jul-05,11.020
17-Jul-05,11.000
18-Jul-05,11.010
19-Jul-05,11.010
20-Jul-05,11.015
21-Jul-05,11.020
22-Jul-05,11.020
23-Jul-05,11.020
24-Jul-05,11.010
25-Jul-05,11.020
26-Jul-05,11.030
27-Jul-05,11.040
28-Jul-05,11.060
29-Jul-05,11.080
30-Jul-05,11.080
31-Jul-05,11.080
1-Aug-05,11.100
2-Aug-05,11.110
3-Aug-05,11.110
4-Aug-05,11.125
5-Aug-05,11.175
6-Aug-05,11.220
7-Aug-05,11.250
8-Aug-05,11.255
9-Aug-05,11.270
10-Aug-05,11.280
11-Aug-05,11.335
12-Aug-05,11.360
13-Aug-05,11.405
14-Aug-05,11.420
15-Aug-05,11.420
16-Aug-05,11.410
17-Aug-05,11.400
18-Aug-05,11.400
19-Aug-05,11.400
20-Aug-05,11.400
21-Aug-05,11.400
22-Aug-05,11.390
23-Aug-05,11.390
24-Aug-05,11.380
25-Aug-05,11.370
26-Aug-05,11.370
27-Aug-05,11.370
28-Aug-05,11.380
29-Aug-05,11.380
30-Aug-05,11.390
31-Aug-05,11.380
1-Sep-05,11.380
2-Sep-05,11.370
3-Sep-05,11.395
4-Sep-05,11.435
5-Sep-05,11.470
6-Sep-05,11.490
7-Sep-05,11.500
8-Sep-05,11.500
9-Sep-05,11.510
10-Sep-05,11.510
11-Sep-05,11.520
12-Sep-05,11.520
13-Sep-05,11.540
14-Sep-05,11.565
15-Sep-05,11.645
16-Sep-05,11.925
17-Sep-05,12.045
18-Sep-05,12.075
19-Sep-05,12.090
20-Sep-05,12.085
21-Sep-05,12.070
22-Sep-05,12.060
23-Sep-05,12.060
24-Sep-05,12.060
25-Sep-05,12.050
26-Sep-05,12.040
27-Sep-05,12.030
28-Sep-05,12.020
29-Sep-05,12.010
30-Sep-05,11.990
1-Oct-05,12.000
2-Oct-05,11.995
3-Oct-05,11.980
4-Oct-05,11.970
5-Oct-05,11.980
6-Oct-05,11.995
7-Oct-05,12.020
8-Oct-05,12.045
9-Oct-05,12.060
10-Oct-05,12.050
11-Oct-05,12.050
12-Oct-05,12.040
13-Oct-05,12.040
14-Oct-05,12.030
15-Oct-05,12.020
16-Oct-05,12.010
17-Oct-05,12.000
18-Oct-05,11.990
19-Oct-05,11.980
20-Oct-05,11.960
21-Oct-05,11.945
22-Oct-05,11.920
23-Oct-05,11.865
24-Oct-05,11.865
25-Oct-05,11.850
26-Oct-05,11.850
27-Oct-05,11.905
28-Oct-05,12.060
29-Oct-05,12.180
30-Oct-05,12.215
31-Oct-05,12.240
1-Nov-05,12.240
2-Nov-05,12.240
3-Nov-05,12.240
4-Nov-05,12.235
5-Nov-05,12.250
6-Nov-05,12.250
7-Nov-05,12.235
8-Nov-05,12.215
9-Nov-05,12.195
10-Nov-05,12.170
11-Nov-05,12.170
12-Nov-05,12.155
13-Nov-05,12.135
14-Nov-05,12.110
15-Nov-05,12.105
16-Nov-05,12.075
17-Nov-05,12.045
18-Nov-05,12.030
19-Nov-05,12.015
20-Nov-05,11.995
21-Nov-05,11.980
22-Nov-05,11.965
23-Nov-05,11.945
24-Nov-05,11.920
25-Nov-05,11.900
26-Nov-05,11.890
27-Nov-05,11.880
28-Nov-05,11.880
29-Nov-05,11.875
30-Nov-05,11.860
1-Dec-05,11.845
2-Dec-05,11.830
3-Dec-05,11.825
4-Dec-05,11.810
5-Dec-05,11.805
6-Dec-05,11.845
7-Dec-05,11.865
8-Dec-05,11.895
9-Dec-05,11.955
10-Dec-05,12.010
11-Dec-05,12.055
12-Dec-05,12.060
13-Dec-05,12.070
14-Dec-05,12.090
15-Dec-05,12.170
16-Dec-05,12.185
17-Dec-05,12.200
18-Dec-05,12.205
19-Dec-05,12.200
20-Dec-05,12.205
21-Dec-05,12.220
22-Dec-05,12.230
23-Dec-05,12.215
24-Dec-05,12.185
25-Dec-05,12.155
26-Dec-05,12.135
27-Dec-05,12.120
28-Dec-05,12.135
29-Dec-05,12.115
30-Dec-05,12.110
31-Dec-05,12.100
1-Jan-06,12.095
2-Jan-06,12.070
3-Jan-06,12.040
4-Jan-06,12.020
5-Jan-06,12.000
6-Jan-06,11.985
7-Jan-06,11.970
8-Jan-06,11.955
9-Jan-06,11.930
10-Jan-06,11.915
11-Jan-06,11.895
12-Jan-06,11.875
13-Jan-06,11.860
14-Jan-06,11.845
15-Jan-06,11.825
16-Jan-06,11.810
17-Jan-06,11.795
18-Jan-06,11.775
19-Jan-06,11.760
20-Jan-06,11.750
21-Jan-06,11.735
22-Jan-06,11.715
23-Jan-06,11.695
24-Jan-06,11.685
25-Jan-06,11.705
26-Jan-06,11.715
27-Jan-06,11.705
28-Jan-06,11.720
29-Jan-06,11.725
30-Jan-06,11.710
31-Jan-06,11.710
1-Feb-06,11.695
2-Feb-06,11.675
3-Feb-06,11.655
4-Feb-06,11.635
5-Feb-06,11.615
6-Feb-06,11.595
7-Feb-06,11.580
8-Feb-06,11.580
9-Feb-06,11.530
10-Feb-06,11.480
11-Feb-06,11.480
12-Feb-06,11.480
13-Feb-06,11.480
14-Feb-06,11.480
15-Feb-06,11.480
16-Feb-06,11.470
17-Feb-06,11.455
18-Feb-06,11.435
19-Feb-06,11.415
20-Feb-06,11.400
21-Feb-06,11.385
22-Feb-06,11.370
23-Feb-06,11.360
24-Feb-06,11.345
25-Feb-06,11.330
26-Feb-06,11.320
27-Feb-06,11.320
28-Feb-06,11.310
1-Mar-06,11.300
2-Mar-06,11.290
3-Mar-06,11.275
4-Mar-06,11.255
5-Mar-06,11.235
6-Mar-06,11.215
7-Mar-06,11.200
8-Mar-06,11.190
9-Mar-06,11.190
10-Mar-06,11.175
11-Mar-06,11.155
12-Mar-06,11.150
13-Mar-06,11.150
14-Mar-06,11.140
15-Mar-06,11.130
16-Mar-06,11.115
17-Mar-06,11.100
18-Mar-06,11.090
19-Mar-06,11.075
20-Mar-06,11.060
21-Mar-06,11.050
22-Mar-06,11.050
23-Mar-06,11.035
24-Mar-06,11.020
25-Mar-06,11.010
26-Mar-06,11.000
27-Mar-06,11.000
28-Mar-06,11.000
29-Mar-06,11.000
30-Mar-06,10.990
31-Mar-06,10.990
1-Apr-06,10.990
2-Apr-06,10.990
3-Apr-06,10.980
4-Apr-06,10.970
5-Apr-06,10.960
6-Apr-06,10.950
7-Apr-06,10.940
8-Apr-06,10.930
9-Apr-06,10.920
10-Apr-06,10.910
11-Apr-06,10.900
12-Apr-06,10.900
13-Apr-06,10.890
14-Apr-06,10.880
15-Apr-06,10.870
16-Apr-06,10.870
17-Apr-06,10.860
18-Apr-06,10.850
19-Apr-06,10.840
20-Apr-06,10.830
21-Apr-06,10.830
22-Apr-06,10.830
23-Apr-06,10.820
24-Apr-06,10.820
25-Apr-06,10.820
26-Apr-06,10.810
27-Apr-06,10.800
28-Apr-06,10.800
29-Apr-06,10.790
30-Apr-06,10.790
1-May-06,10.780
2-May-06,10.770
3-May-06,10.770
4-May-06,10.770
5-May-06,10.770
6-May-06,10.780
7-May-06,10.780
8-May-06,10.780
9-May-06,10.770
10-May-06,10.770
11-May-06,10.770
12-May-06,10.790
13-May-06,10.840
14-May-06,10.885
15-May-06,10.900
16-May-06,10.900
17-May-06,10.900
18-May-06,10.910
19-May-06,10.930
20-May-06,10.940
21-May-06,10.940
22-May-06,10.940
23-May-06,10.940
24-May-06,10.930
25-May-06,10.920
26-May-06,10.910
27-May-06,10.910
28-May-06,10.900
29-May-06,10.910
30-May-06,10.920
31-May-06,10.930
1-Jun-06,10.930
2-Jun-06,10.940
3-Jun-06,10.940
4-Jun-06,10.950
5-Jun-06,10.970
6-Jun-06,10.960
7-Jun-06,10.960
8-Jun-06,10.960
9-Jun-06,10.950
10-Jun-06,10.940
11-Jun-06,10.940
12-Jun-06,10.950
13-Jun-06,10.960
14-Jun-06,10.985
15-Jun-06,11.005
16-Jun-06,11.020
17-Jun-06,11.000
18-Jun-06,11.000
19-Jun-06,11.020
20-Jun-06,11.020
21-Jun-06,11.020
22-Jun-06,11.010
23-Jun-06,11.010
24-Jun-06,11.000
25-Jun-06,11.010
26-Jun-06,11.020
27-Jun-06,11.030
28-Jun-06,11.045
29-Jun-06,11.065
30-Jun-06,11.080
1-Jul-06,11.035
2-Jul-06,11.050
3-Jul-06,11.050
4-Jul-06,11.050
5-Jul-06,11.060
6-Jul-06,11.070
7-Jul-06,11.070
8-Jul-06,11.085
9-Jul-06,11.085
10-Jul-06,11.100
11-Jul-06,11.100
12-Jul-06,11.160
13-Jul-06,11.330
14-Jul-06,11.410
15-Jul-06,11.410
16-Jul-06,11.400
17-Jul-06,11.390
18-Jul-06,11.400
19-Jul-06,11.410
20-Jul-06,11.420
21-Jul-06,11.420
22-Jul-06,11.410
23-Jul-06,11.420
24-Jul-06,11.460
25-Jul-06,11.525
26-Jul-06,11.605
27-Jul-06,11.620
28-Jul-06,11.625
29-Jul-06,11.660
30-Jul-06,11.695
31-Jul-06,11.750
1-Aug-06,11.790
2-Aug-06,11.820
3-Aug-06,11.820
4-Aug-06,11.810
5-Aug-06,11.840
6-Aug-06,11.850
7-Aug-06,11.860
8-Aug-06,11.855
9-Aug-06,11.855
10-Aug-06,11.860
11-Aug-06,11.860
12-Aug-06,11.870
13-Aug-06,11.885
14-Aug-06,11.930
15-Aug-06,11.950
16-Aug-06,11.960
17-Aug-06,11.960
18-Aug-06,11.950
19-Aug-06,11.950
20-Aug-06,11.960
21-Aug-06,11.960
22-Aug-06,11.970
23-Aug-06,11.970
24-Aug-06,11.970
25-Aug-06,11.970
26-Aug-06,11.960
27-Aug-06,11.960
28-Aug-06,11.960
29-Aug-06,11.950
30-Aug-06,11.935
31-Aug-06,11.910
1-Sep-06,11.885
2-Sep-06,11.860
3-Sep-06,11.850
4-Sep-06,11.840
5-Sep-06,11.835
6-Sep-06,11.820
7-Sep-06,11.810
8-Sep-06,11.820
9-Sep-06,11.820
10-Sep-06,11.830
11-Sep-06,11.830
12-Sep-06,11.830
13-Sep-06,11.820
14-Sep-06,11.810
15-Sep-06,11.795
16-Sep-06,11.780
17-Sep-06,11.765
18-Sep-06,11.750
19-Sep-06,11.740
20-Sep-06,11.750
21-Sep-06,11.770
22-Sep-06,11.775
23-Sep-06,11.800
24-Sep-06,11.790
25-Sep-06,11.790
26-Sep-06,11.810
27-Sep-06,11.835
28-Sep-06,11.920
29-Sep-06,12.320
30-Sep-06,12.320
1-Oct-06,12.330
2-Oct-06,12.335
3-Oct-06,12.360
4-Oct-06,12.350
5-Oct-06,12.340
6-Oct-06,12.340
7-Oct-06,12.320
8-Oct-06,12.300
9-Oct-06,12.280
10-Oct-06,12.270
11-Oct-06,12.260
12-Oct-06,12.260
13-Oct-06,12.255
14-Oct-06,12.235
15-Oct-06,12.220
16-Oct-06,12.210
17-Oct-06,12.195
18-Oct-06,12.165
19-Oct-06,12.150
20-Oct-06,12.140
21-Oct-06,12.130
22-Oct-06,12.120
23-Oct-06,12.110
24-Oct-06,12.100
25-Oct-06,12.025
26-Oct-06,12.020
27-Oct-06,12.010
28-Oct-06,12.000
29-Oct-06,11.990
30-Oct-06,12.000
31-Oct-06,12.000
1-Nov-06,11.990
2-Nov-06,11.990
3-Nov-06,11.980
4-Nov-06,11.970
5-Nov-06,11.970
6-Nov-06,11.955
7-Nov-06,11.925
8-Nov-06,11.910
9-Nov-06,11.900
10-Nov-06,11.890
11-Nov-06,11.880
12-Nov-06,11.870
13-Nov-06,11.860
14-Nov-06,11.845
15-Nov-06,11.830
16-Nov-06,11.820
17-Nov-06,11.825
18-Nov-06,11.810
19-Nov-06,11.795
20-Nov-06,11.780
21-Nov-06,11.770
22-Nov-06,11.760
23-Nov-06,11.750
24-Nov-06,11.740
25-Nov-06,11.725
26-Nov-06,11.705
27-Nov-06,11.685
28-Nov-06,11.665
29-Nov-06,11.660
30-Nov-06,11.680
1-Dec-06,11.690
2-Dec-06,11.680
3-Dec-06,11.670
4-Dec-06,11.660
5-Dec-06,11.650
6-Dec-06,11.640
7-Dec-06,11.630
8-Dec-06,11.615
9-Dec-06,11.600
10-Dec-06,11.640
11-Dec-06,11.885
12-Dec-06,11.920
13-Dec-06,11.920
14-Dec-06,11.912
15-Dec-06,11.895
16-Dec-06,11.875
17-Dec-06,11.855
18-Dec-06,11.835
19-Dec-06,11.820
20-Dec-06,11.810
21-Dec-06,11.805
22-Dec-06,11.800
23-Dec-06,11.790
24-Dec-06,11.775
25-Dec-06,11.760
26-Dec-06,11.760
27-Dec-06,11.745
28-Dec-06,11.730
29-Dec-06,11.720
30-Dec-06,11.710
31-Dec-06,11.685
1-Jan-07,11.718
2-Jan-07,11.700
3-Jan-07,11.691
4-Jan-07,11.679
5-Jan-07,11.672
6-Jan-07,11.671
7-Jan-07,11.663
8-Jan-07,11.644
9-Jan-07,11.622
10-Jan-07,11.607
11-Jan-07,11.583
12-Jan-07,11.569
13-Jan-07,11.560
14-Jan-07,11.551
15-Jan-07,11.545
16-Jan-07,11.531
17-Jan-07,11.532
18-Jan-07,11.522
19-Jan-07,11.512
20-Jan-07,11.507
21-Jan-07,11.491
22-Jan-07,11.476
23-Jan-07,11.457
24-Jan-07,11.451
25-Jan-07,11.442
26-Jan-07,11.422
27-Jan-07,11.404
28-Jan-07,11.398
29-Jan-07,11.369
30-Jan-07,11.359
31-Jan-07,11.341
1-Feb-07,11.326
2-Feb-07,11.318
3-Feb-07,11.305
4-Feb-07,11.278
5-Feb-07,11.268
6-Feb-07,11.255
7-Feb-07,11.241
8-Feb-07,11.251
9-Feb-07,11.251
10-Feb-07,11.248
11-Feb-07,11.235
12-Feb-07,11.213
13-Feb-07,11.204
14-Feb-07,11.190
15-Feb-07,11.179
16-Feb-07,11.168
17-Feb-07,11.168
18-Feb-07,11.149
19-Feb-07,11.144
20-Feb-07,11.133
21-Feb-07,11.135
22-Feb-07,11.115
23-Feb-07,11.104
24-Feb-07,11.086
25-Feb-07,11.069
26-Feb-07,11.057
27-Feb-07,11.069
28-Feb-07,11.051
1-Mar-07,11.036
2-Mar-07,11.024
3-Mar-07,11.013
4-Mar-07,10.998
5-Mar-07,10.993
6-Mar-07,10.992
7-Mar-07,10.981
8-Mar-07,10.968
9-Mar-07,10.965
10-Mar-07,10.950
11-Mar-07,10.941
12-Mar-07,10.935
13-Mar-07,10.930
14-Mar-07,10.921
15-Mar-07,10.905
16-Mar-07,10.910
17-Mar-07,10.911
18-Mar-07,10.891
19-Mar-07,10.885
20-Mar-07,10.878
21-Mar-07,10.873
22-Mar-07,10.867
23-Mar-07,10.863
24-Mar-07,10.865
25-Mar-07,10.856
26-Mar-07,10.858
27-Mar-07,10.859
28-Mar-07,10.847
29-Mar-07,10.846
30-Mar-07,10.839
31-Mar-07,10.818
1-Apr-07,10.962
2-Apr-07,10.872
3-Apr-07,10.815
4-Apr-07,10.795
5-Apr-07,10.785
6-Apr-07,10.787
7-Apr-07,10.773
8-Apr-07,10.760
9-Apr-07,10.753
10-Apr-07,10.748
11-Apr-07,10.738
12-Apr-07,10.751
13-Apr-07,10.748
14-Apr-07,10.742
15-Apr-07,10.730
16-Apr-07,10.730
17-Apr-07,10.738
18-Apr-07,10.726
19-Apr-07,10.741
20-Apr-07,10.749
21-Apr-07,10.738
22-Apr-07,10.717
23-Apr-07,10.720
24-Apr-07,10.719
25-Apr-07,10.723
26-Apr-07,10.715
27-Apr-07,10.714
28-Apr-07,10.703
29-Apr-07,10.696
30-Apr-07,10.695
1-May-07,10.695
2-May-07,10.702
3-May-07,10.685
4-May-07,10.688
5-May-07,10.674
6-May-07,10.654
7-May-07,10.662
8-May-07,10.680
9-May-07,10.688
10-May-07,10.681
11-May-07,10.688
12-May-07,10.695
13-May-07,10.690
14-May-07,10.683
15-May-07,10.668
16-May-07,10.667
17-May-07,10.645
18-May-07,10.651
19-May-07,10.639
20-May-07,10.648
21-May-07,10.632
22-May-07,10.646
23-May-07,10.664
24-May-07,10.677
25-May-07,10.689
26-May-07,10.712
27-May-07,10.745
28-May-07,10.787
29-May-07,10.800
30-May-07,10.809
31-May-07,10.825
1-Jun-07,10.838
2-Jun-07,10.839
3-Jun-07,10.842
4-Jun-07,10.846
5-Jun-07,10.855
6-Jun-07,10.858
7-Jun-07,10.856
8-Jun-07,10.858
9-Jun-07,10.860
10-Jun-07,10.857
11-Jun-07,10.853
12-Jun-07,10.860
13-Jun-07,10.851
14-Jun-07,10.855
15-Jun-07,10.851
16-Jun-07,10.858
17-Jun-07,10.854
18-Jun-07,10.840
19-Jun-07,10.846
20-Jun-07,10.845
21-Jun-07,10.852
22-Jun-07,10.846
23-Jun-07,10.839
24-Jun-07,10.845
25-Jun-07,10.837
26-Jun-07,10.845
27-Jun-07,10.861
28-Jun-07,10.870
29-Jun-07,10.878
30-Jun-07,10.882
1-Jul-07,10.891
2-Jul-07,10.900
3-Jul-07,10.903
4-Jul-07,10.906
5-Jul-07,10.914
6-Jul-07,10.935
7-Jul-07,10.949
8-Jul-07,10.956
9-Jul-07,10.958
10-Jul-07,10.969
11-Jul-07,10.994
12-Jul-07,11.003
13-Jul-07,11.020
14-Jul-07,11.017
15-Jul-07,11.010
16-Jul-07,11.008
17-Jul-07,11.019
18-Jul-07,11.013
19-Jul-07,11.008
20-Jul-07,11.005
21-Jul-07,11.001
22-Jul-07,11.007
23-Jul-07,10.994
24-Jul-07,10.983
25-Jul-07,10.980
26-Jul-07,10.977
27-Jul-07,10.970
28-Jul-07,10.985
29-Jul-07,10.977
30-Jul-07,10.995
31-Jul-07,10.997
1-Aug-07,10.990
2-Aug-07,10.998
3-Aug-07,10.998
4-Aug-07,11.007
5-Aug-07,11.003
6-Aug-07,11.002
7-Aug-07,11.061
8-Aug-07,11.346
9-Aug-07,11.442
10-Aug-07,11.414
11-Aug-07,11.417
12-Aug-07,11.409
13-Aug-07,11.405
14-Aug-07,11.394
15-Aug-07,11.423
16-Aug-07,11.468
17-Aug-07,11.554
18-Aug-07,11.729
19-Aug-07,11.770
20-Aug-07,11.789
21-Aug-07,11.800
22-Aug-07,11.792
23-Aug-07,11.790
24-Aug-07,11.785
25-Aug-07,11.792
26-Aug-07,11.801
27-Aug-07,11.790
28-Aug-07,11.793
29-Aug-07,11.798
30-Aug-07,11.797
31-Aug-07,11.807
1-Sep-07,11.830
2-Sep-07,11.788
3-Sep-07,11.783
4-Sep-07,11.770
5-Sep-07,11.758
6-Sep-07,11.769
7-Sep-07,11.759
8-Sep-07,11.751
9-Sep-07,11.734
10-Sep-07,11.715
11-Sep-07,11.705
12-Sep-07,11.697
13-Sep-07,11.694
14-Sep-07,11.685
15-Sep-07,11.680
16-Sep-07,11.677
17-Sep-07,11.682
18-Sep-07,11.680
19-Sep-07,11.697
20-Sep-07,11.705
21-Sep-07,11.716
22-Sep-07,11.725
23-Sep-07,11.734
24-Sep-07,11.727
25-Sep-07,11.734
26-Sep-07,11.741
27-Sep-07,11.770
28-Sep-07,11.768
29-Sep-07,11.853
30-Sep-07,11.900
1-Oct-07,11.950
2-Oct-07,11.983
3-Oct-07,12.016
4-Oct-07,12.020
5-Oct-07,12.030
6-Oct-07,12.030
7-Oct-07,12.014
8-Oct-07,12.006
9-Oct-07,11.997
10-Oct-07,11.998
11-Oct-07,11.975
12-Oct-07,11.957
13-Oct-07,11.947
14-Oct-07,11.924
15-Oct-07,11.907
16-Oct-07,11.890
17-Oct-07,11.873
18-Oct-07,11.860
19-Oct-07,11.840
20-Oct-07,11.834
21-Oct-07,11.813
22-Oct-07,11.797
23-Oct-07,11.798
24-Oct-07,11.893
25-Oct-07,11.959
26-Oct-07,11.975
27-Oct-07,11.975
28-Oct-07,11.958
29-Oct-07,11.990
30-Oct-07,11.981
31-Oct-07,11.965
1-Nov-07,11.961
2-Nov-07,11.950
3-Nov-07,11.934
4-Nov-07,11.908
5-Nov-07,11.917
6-Nov-07,11.893
7-Nov-07,11.896
8-Nov-07,11.881
9-Nov-07,11.867
10-Nov-07,11.863
11-Nov-07,11.850
12-Nov-07,11.830
13-Nov-07,11.817
14-Nov-07,11.796
15-Nov-07,11.825
16-Nov-07,11.920
17-Nov-07,11.965
18-Nov-07,11.982
19-Nov-07,11.996
20-Nov-07,12.048
21-Nov-07,12.149
22-Nov-07,12.401
23-Nov-07,12.470
24-Nov-07,12.470
25-Nov-07,12.457
26-Nov-07,12.464
27-Nov-07,12.428
28-Nov-07,12.471
29-Nov-07,12.475
30-Nov-07,12.486
1-Dec-07,12.463
2-Dec-07,12.438
3-Dec-07,12.419
4-Dec-07,12.409
5-Dec-07,12.408
6-Dec-07,12.428
7-Dec-07,12.450
8-Dec-07,12.441
9-Dec-07,12.426
10-Dec-07,12.431
11-Dec-07,12.434
12-Dec-07,12.422
13-Dec-07,12.408
14-Dec-07,12.402
15-Dec-07,12.383
16-Dec-07,12.360
17-Dec-07,12.341
18-Dec-07,12.312
19-Dec-07,12.293
20-Dec-07,12.275
21-Dec-07,12.255
22-Dec-07,12.234
23-Dec-07,12.217
24-Dec-07,12.194
25-Dec-07,12.175
26-Dec-07,12.201
27-Dec-07,12.255
28-Dec-07,12.262
29-Dec-07,12.254
30-Dec-07,12.236
31-Dec-07,12.232
1-Jan-08,12.214
2-Jan-08,12.191
3-Jan-08,12.162
4-Jan-08,12.139
5-Jan-08,12.108
6-Jan-08,12.086
7-Jan-08,12.072
8-Jan-08,12.059
9-Jan-08,12.043
10-Jan-08,12.022
11-Jan-08,11.991
12-Jan-08,11.980
13-Jan-08,12.045
14-Jan-08,12.048
15-Jan-08,12.035
16-Jan-08,12.018
17-Jan-08,12.004
18-Jan-08,12.000
19-Jan-08,11.986
20-Jan-08,11.981
21-Jan-08,11.989
22-Jan-08,11.994
23-Jan-08,11.985
24-Jan-08,11.977
25-Jan-08,11.972
26-Jan-08,11.950
27-Jan-08,11.940
28-Jan-08,11.929
29-Jan-08,11.914
30-Jan-08,11.910
31-Jan-08,11.891
1-Feb-08,11.875
2-Feb-08,11.840
3-Feb-08,11.825
4-Feb-08,11.808
5-Feb-08,11.793
6-Feb-08,11.775
7-Feb-08,11.761
8-Feb-08,11.735
9-Feb-08,11.712
10-Feb-08,11.706
11-Feb-08,11.688
12-Feb-08,11.665
13-Feb-08,11.653
14-Feb-08,11.645
15-Feb-08,11.631
16-Feb-08,11.599
17-Feb-08,11.593
18-Feb-08,11.584
19-Feb-08,11.563
20-Feb-08,11.554
21-Feb-08,11.550
22-Feb-08,11.541
23-Feb-08,11.525
24-Feb-08,11.526
25-Feb-08,11.500
26-Feb-08,11.490
27-Feb-08,11.499
28-Feb-08,11.509
29-Feb-08,11.511
1-Mar-08,11.508
2-Mar-08,11.492
3-Mar-08,11.479
4-Mar-08,11.488
5-Mar-08,11.474
6-Mar-08,11.441
7-Mar-08,11.421
8-Mar-08,11.410
9-Mar-08,11.391
10-Mar-08,11.372
11-Mar-08,11.370
12-Mar-08,11.362
13-Mar-08,11.348
14-Mar-08,11.339
15-Mar-08,11.325
16-Mar-08,11.315
17-Mar-08,11.297
18-Mar-08,11.289
19-Mar-08,11.286
20-Mar-08,11.267
21-Mar-08,11.255
22-Mar-08,11.235
23-Mar-08,11.216
24-Mar-08,11.212
25-Mar-08,11.201
26-Mar-08,11.185
27-Mar-08,11.179
28-Mar-08,11.183
29-Mar-08,11.170
30-Mar-08,11.157
31-Mar-08,11.154
1-Apr-08,
2-Apr-08,
3-Apr-08,
4-Apr-08,
5-Apr-08,
6-Apr-08,
7-Apr-08,
8-Apr-08,
9-Apr-08,
10-Apr-08,
11-Apr-08,
12-Apr-08,
13-Apr-08,
14-Apr-08,
15-Apr-08,
16-Apr-08,
17-Apr-08,
18-Apr-08,
19-Apr-08,
20-Apr-08,
21-Apr-08,
22-Apr-08,
23-Apr-08,
24-Apr-08,
25-Apr-08,
26-Apr-08,
27-Apr-08,
28-Apr-08,
29-Apr-08,
30-Apr-08,
1-May-08,
2-May-08,
3-May-08,
4-May-08,
5-May-08,
6-May-08,
7-May-08,
8-May-08,
9-May-08,
10-May-08,
11-May-08,
12-May-08,
13-May-08,
14-May-08,
15-May-08,
16-May-08,
17-May-08,
18-May-08,
19-May-08,
20-May-08,
21-May-08,
22-May-08,
23-May-08,
24-May-08,
25-May-08,
26-May-08,
27-May-08,
28-May-08,
29-May-08,
30-May-08,
31-May-08,
1-Jun-08,
2-Jun-08,
3-Jun-08,
4-Jun-08,
5-Jun-08,
6-Jun-08,
7-Jun-08,
8-Jun-08,
9-Jun-08,
10-Jun-08,
11-Jun-08,
12-Jun-08,
13-Jun-08,
14-Jun-08,
15-Jun-08,
16-Jun-08,
17-Jun-08,
18-Jun-08,
19-Jun-08,
20-Jun-08,
21-Jun-08,
22-Jun-08,
23-Jun-08,
24-Jun-08,
25-Jun-08,
26-Jun-08,
27-Jun-08,
28-Jun-08,
29-Jun-08,
30-Jun-08,
1-Jul-08,
2-Jul-08,
3-Jul-08,
4-Jul-08,
5-Jul-08,
6-Jul-08,
7-Jul-08,
8-Jul-08,
9-Jul-08,
10-Jul-08,
11-Jul-08,
12-Jul-08,
13-Jul-08,
14-Jul-08,
15-Jul-08,
16-Jul-08,
17-Jul-08,
18-Jul-08,
19-Jul-08,
20-Jul-08,
21-Jul-08,
22-Jul-08,
23-Jul-08,
24-Jul-08,
25-Jul-08,
26-Jul-08,
27-Jul-08,
28-Jul-08,
29-Jul-08,
30-Jul-08,
31-Jul-08,
1-Aug-08,
2-Aug-08,
3-Aug-08,
4-Aug-08,
5-Aug-08,
6-Aug-08,
7-Aug-08,
8-Aug-08,
9-Aug-08,
10-Aug-08,
11-Aug-08,
12-Aug-08,
13-Aug-08,
14-Aug-08,
15-Aug-08,
16-Aug-08,
17-Aug-08,
18-Aug-08,
19-Aug-08,
20-Aug-08,
21-Aug-08,
22-Aug-08,
23-Aug-08,
24-Aug-08,
25-Aug-08,
26-Aug-08,
27-Aug-08,
28-Aug-08,
29-Aug-08,
30-Aug-08,
31-Aug-08,
1-Sep-08,
2-Sep-08,
3-Sep-08,
4-Sep-08,
5-Sep-08,
6-Sep-08,
7-Sep-08,
8-Sep-08,
9-Sep-08,
10-Sep-08,
11-Sep-08,
12-Sep-08,
13-Sep-08,
14-Sep-08,
15-Sep-08,
16-Sep-08,
17-Sep-08,
18-Sep-08,
19-Sep-08,
20-Sep-08,
21-Sep-08,
22-Sep-08,
23-Sep-08,
24-Sep-08,
25-Sep-08,
26-Sep-08,
27-Sep-08,
28-Sep-08,
29-Sep-08,
30-Sep-08,
1-Oct-08,
2-Oct-08,12.203
3-Oct-08,
4-Oct-08,
5-Oct-08,
6-Oct-08,
7-Oct-08,
8-Oct-08,
9-Oct-08,
10-Oct-08,
11-Oct-08,
12-Oct-08,
13-Oct-08,12.170
14-Oct-08,12.172
15-Oct-08,
16-Oct-08,
17-Oct-08,
18-Oct-08,
19-Oct-08,
20-Oct-08,
21-Oct-08,
22-Oct-08,
23-Oct-08,
24-Oct-08,
25-Oct-08,
26-Oct-08,
27-Oct-08,
28-Oct-08,12.053
29-Oct-08,12.067
30-Oct-08,12.059
31-Oct-08,12.046
1-Nov-08,
2-Nov-08,
3-Nov-08,
4-Nov-08,
5-Nov-08,
6-Nov-08,
7-Nov-08,
8-Nov-08,
9-Nov-08,
10-Nov-08,
11-Nov-08,
12-Nov-08,
13-Nov-08,
14-Nov-08,
15-Nov-08,
16-Nov-08,
17-Nov-08,
18-Nov-08,
19-Nov-08,
20-Nov-08,
21-Nov-08,
22-Nov-08,
23-Nov-08,
24-Nov-08,
25-Nov-08,
26-Nov-08,
27-Nov-08,
28-Nov-08,
29-Nov-08,
30-Nov-08,
1-Dec-08,
2-Dec-08,
3-Dec-08,
4-Dec-08,
5-Dec-08,
6-Dec-08,
7-Dec-08,
8-Dec-08,
9-Dec-08,
10-Dec-08,
11-Dec-08,
12-Dec-08,
13-Dec-08,
14-Dec-08,
15-Dec-08,12.017
16-Dec-08,11.998
17-Dec-08,11.973
18-Dec-08,
19-Dec-08,
20-Dec-08,
21-Dec-08,
22-Dec-08,
23-Dec-08,
24-Dec-08,
25-Dec-08,
26-Dec-08,
27-Dec-08,
28-Dec-08,
29-Dec-08,
30-Dec-08,
31-Dec-08,
1-Jan-09,11.858
2-Jan-09,11.841
3-Jan-09,11.829
4-Jan-09,11.798
5-Jan-09,11.787
6-Jan-09,11.778
7-Jan-09,11.753
8-Jan-09,11.786
9-Jan-09,11.850
10-Jan-09,11.850
11-Jan-09,11.838
12-Jan-09,11.821
13-Jan-09,11.800
14-Jan-09,11.791
15-Jan-09,11.767
16-Jan-09,11.744
17-Jan-09,11.737
18-Jan-09,11.720
19-Jan-09,11.703
20-Jan-09,11.692
21-Jan-09,11.679
22-Jan-09,11.670
23-Jan-09,11.658
24-Jan-09,11.685
25-Jan-09,11.684
26-Jan-09,11.661
27-Jan-09,11.637
28-Jan-09,11.622
29-Jan-09,11.614
30-Jan-09,11.584
31-Jan-09,11.577
1-Feb-09,11.565
2-Feb-09,11.532
3-Feb-09,11.515
4-Feb-09,11.498
5-Feb-09,11.482
6-Feb-09,11.463
7-Feb-09,11.478
8-Feb-09,11.473
9-Feb-09,11.471
10-Feb-09,11.463
11-Feb-09,11.453
12-Feb-09,11.436
13-Feb-09,11.427
14-Feb-09,11.401
15-Feb-09,11.398
16-Feb-09,11.391
17-Feb-09,11.394
18-Feb-09,11.383
19-Feb-09,11.370
20-Feb-09,11.370
21-Feb-09,11.355
22-Feb-09,11.333
23-Feb-09,11.316
24-Feb-09,11.307
25-Feb-09,11.293
26-Feb-09,11.285
27-Feb-09,11.277
28-Feb-09,11.272
1-Mar-09,11.248
2-Mar-09,11.246
3-Mar-09,11.265
4-Mar-09,11.241
5-Mar-09,11.238
6-Mar-09,11.235
7-Mar-09,11.223
8-Mar-09,11.213
9-Mar-09,11.197
10-Mar-09,11.203
11-Mar-09,11.193
12-Mar-09,11.177
13-Mar-09,11.160
14-Mar-09,11.145
15-Mar-09,11.138
16-Mar-09,11.127
17-Mar-09,11.121
18-Mar-09,11.133
19-Mar-09,11.130
20-Mar-09,11.124
21-Mar-09,11.119
22-Mar-09,11.093
23-Mar-09,11.090
24-Mar-09,11.075
25-Mar-09,11.073
26-Mar-09,11.103
27-Mar-09,11.082
28-Mar-09,11.092
29-Mar-09,11.088
30-Mar-09,11.090
31-Mar-09,11.087
1-Apr-09,11.097
2-Apr-09,11.093
3-Apr-09,11.109
4-Apr-09,11.120
5-Apr-09,11.128
6-Apr-09,11.131
7-Apr-09,11.120
8-Apr-09,11.116
9-Apr-09,11.106
10-Apr-09,11.099
11-Apr-09,11.083
12-Apr-09,11.078
13-Apr-09,11.074
14-Apr-09,11.061
15-Apr-09,11.066
16-Apr-09,11.059
17-Apr-09,11.055
18-Apr-09,11.063
19-Apr-09,11.068
20-Apr-09,11.070
21-Apr-09,11.092
22-Apr-09,11.115
23-Apr-09,11.120
24-Apr-09,11.136
25-Apr-09,11.145
26-Apr-09,11.151
27-Apr-09,11.170
28-Apr-09,11.221
29-Apr-09,11.231
30-Apr-09,11.273
1-May-09,11.334
2-May-09,11.331
3-May-09,11.326
4-May-09,11.325
5-May-09,11.331
6-May-09,11.337
7-May-09,11.371
8-May-09,11.480
9-May-09,11.516
10-May-09,11.524
11-May-09,11.530
12-May-09,11.516
13-May-09,11.511
14-May-09,11.500
15-May-09,11.487
16-May-09,11.485
17-May-09,11.470
18-May-09,11.458
19-May-09,
20-May-09,
21-May-09,
22-May-09,
23-May-09,
24-May-09,
25-May-09,
26-May-09,
27-May-09,
28-May-09,
29-May-09,
30-May-09,
31-May-09,
1-Jun-09,11.535
2-Jun-09,
3-Jun-09,11.566
4-Jun-09,11.578
5-Jun-09,11.642
6-Jun-09,11.745
7-Jun-09,11.780
8-Jun-09,11.795
9-Jun-09,11.834
10-Jun-09,11.845
11-Jun-09,11.841
12-Jun-09,11.836
13-Jun-09,11.823
14-Jun-09,11.825
15-Jun-09,11.841
16-Jun-09,11.838
17-Jun-09,11.862
18-Jun-09,11.868
19-Jun-09,
20-Jun-09,
21-Jun-09,
22-Jun-09,
23-Jun-09,11.821
24-Jun-09,11.860
25-Jun-09,11.908
26-Jun-09,11.906
27-Jun-09,11.896
28-Jun-09,11.884
29-Jun-09,11.872
30-Jun-09,11.849
1-Jul-09,11.840
2-Jul-09,11.833
3-Jul-09,11.836
4-Jul-09,11.834
5-Jul-09,11.815
6-Jul-09,11.807
7-Jul-09,11.803
8-Jul-09,11.800
9-Jul-09,11.786
10-Jul-09,11.790
11-Jul-09,11.804
12-Jul-09,11.823
13-Jul-09,11.830
14-Jul-09,11.854
15-Jul-09,11.866
16-Jul-09,11.910
17-Jul-09,12.032
18-Jul-09,
19-Jul-09,
20-Jul-09,12.229
21-Jul-09,12.235
22-Jul-09,12.241
23-Jul-09,
24-Jul-09,
25-Jul-09,
26-Jul-09,
27-Jul-09,12.259
28-Jul-09,12.278
29-Jul-09,12.265
30-Jul-09,12.263
31-Jul-09,
1-Aug-09,12.361
2-Aug-09,12.445
3-Aug-09,12.455
4-Aug-09,12.467
5-Aug-09,12.503
6-Aug-09,12.572
7-Aug-09,12.609
8-Aug-09,12.621
9-Aug-09,12.604
10-Aug-09,12.593
11-Aug-09,12.570
12-Aug-09,
13-Aug-09,
14-Aug-09,
15-Aug-09,
16-Aug-09,
17-Aug-09,
18-Aug-09,12.444
19-Aug-09,12.435
20-Aug-09,12.410
21-Aug-09,12.373
22-Aug-09,12.346
23-Aug-09,
24-Aug-09,12.360
25-Aug-09,12.354
26-Aug-09,12.345
27-Aug-09,12.335
28-Aug-09,12.331
29-Aug-09,12.342
30-Aug-09,12.365
31-Aug-09,
1-Sep-09,12.360
2-Sep-09,
3-Sep-09,
4-Sep-09,
5-Sep-09,
6-Sep-09,
7-Sep-09,
8-Sep-09,
9-Sep-09,12.221
10-Sep-09,12.732
11-Sep-09,12.744
12-Sep-09,12.778
13-Sep-09,12.831
14-Sep-09,12.840
15-Sep-09,12.836
16-Sep-09,12.818
17-Sep-09,12.810
18-Sep-09,
19-Sep-09,12.775
20-Sep-09,12.761
21-Sep-09,12.754
22-Sep-09,12.757
23-Sep-09,12.762
24-Sep-09,12.792
25-Sep-09,12.776
26-Sep-09,13.301
27-Sep-09,13.792
28-Sep-09,13.836
29-Sep-09,13.835
30-Sep-09,12.950
1-Oct-09,13.791
2-Oct-09,13.773
3-Oct-09,13.821
4-Oct-09,13.850
5-Oct-09,13.840
6-Oct-09,13.810
7-Oct-09,13.780
8-Oct-09,13.765
9-Oct-09,13.757
10-Oct-09,13.733
11-Oct-09,13.720
12-Oct-09,13.688
13-Oct-09,13.640
14-Oct-09,13.634
15-Oct-09,13.691
16-Oct-09,13.680
17-Oct-09,13.658
18-Oct-09,13.621
19-Oct-09,13.614
20-Oct-09,13.599
21-Oct-09,13.597
22-Oct-09,13.555
23-Oct-09,13.523
24-Oct-09,13.489
25-Oct-09,13.461
26-Oct-09,13.446
27-Oct-09,13.417
28-Oct-09,13.132
29-Oct-09,13.340
30-Oct-09,13.285
31-Oct-09,
1-Nov-09,13.608
2-Nov-09,13.587
3-Nov-09,13.563
4-Nov-09,13.568
5-Nov-09,13.644
6-Nov-09,13.673
7-Nov-09,13.658
8-Nov-09,13.638
9-Nov-09,13.615
10-Nov-09,13.583
11-Nov-09,13.560
12-Nov-09,13.524
13-Nov-09,13.483
14-Nov-09,13.456
15-Nov-09,13.427
16-Nov-09,13.393
17-Nov-09,13.359
18-Nov-09,13.330
19-Nov-09,13.298
20-Nov-09,13.268
21-Nov-09,13.235
22-Nov-09,13.213
23-Nov-09,13.154
24-Nov-09,12.916
25-Nov-09,13.145
26-Nov-09,13.116
27-Nov-09,13.095
28-Nov-09,13.068
29-Nov-09,13.040
30-Nov-09,13.005
1-Dec-09,12.965
2-Dec-09,12.930
3-Dec-09,12.896
4-Dec-09,12.873
5-Dec-09,12.849
6-Dec-09,12.818
7-Dec-09,12.776
8-Dec-09,12.750
9-Dec-09,12.730
10-Dec-09,12.699
11-Dec-09,12.671
12-Dec-09,12.647
13-Dec-09,12.631
14-Dec-09,12.612
15-Dec-09,12.581
16-Dec-09,12.551
17-Dec-09,12.526
18-Dec-09,12.495
19-Dec-09,12.477
20-Dec-09,12.438
21-Dec-09,12.417
22-Dec-09,12.393
23-Dec-09,12.384
24-Dec-09,12.368
25-Dec-09,12.340
26-Dec-09,12.315
27-Dec-09,12.297
28-Dec-09,12.268
29-Dec-09,12.259
30-Dec-09,12.233
31-Dec-09,12.212
1-Jan-10,12.180
2-Jan-10,12.150
3-Jan-10,12.120
4-Jan-10,12.110
5-Jan-10,12.080
6-Jan-10,12.060
7-Jan-10,12.050
8-Jan-10,12.030
9-Jan-10,12.010
10-Jan-10,11.990
11-Jan-10,11.960
12-Jan-10,11.930
13-Jan-10,11.920
14-Jan-10,11.900
15-Jan-10,11.890
16-Jan-10,11.850
17-Jan-10,11.840
18-Jan-10,11.820
19-Jan-10,11.820
20-Jan-10,11.800
21-Jan-10,11.790
22-Jan-10,11.770
23-Jan-10,11.760
24-Jan-10,11.740
25-Jan-10,11.710
26-Jan-10,11.700
27-Jan-10,11.680
28-Jan-10,11.670
29-Jan-10,11.650
30-Jan-10,11.650
31-Jan-10,11.620
1-Feb-10,11.610
2-Feb-10,11.590
3-Feb-10,11.580
4-Feb-10,11.560
5-Feb-10,11.540
6-Feb-10,11.520
7-Feb-10,11.500
8-Feb-10,11.480
9-Feb-10,11.470
10-Feb-10,11.450
11-Feb-10,11.440
12-Feb-10,11.420
13-Feb-10,11.410
14-Feb-10,11.390
15-Feb-10,11.370
16-Feb-10,11.360
17-Feb-10,11.350
18-Feb-10,11.330
19-Feb-10,11.310
20-Feb-10,11.290
21-Feb-10,11.280
22-Feb-10,11.250
23-Feb-10,11.260
24-Feb-10,11.250
25-Feb-10,11.240
26-Feb-10,11.240
27-Feb-10,11.230
28-Feb-10,11.230
1-Mar-10,11.230
2-Mar-10,11.230
3-Mar-10,11.230
4-Mar-10,11.230
5-Mar-10,11.230
6-Mar-10,11.230
7-Mar-10,11.230
8-Mar-10,11.230
9-Mar-10,11.230
10-Mar-10,11.220
11-Mar-10,11.220
12-Mar-10,11.220
13-Mar-10,11.220
14-Mar-10,11.220
15-Mar-10,11.220
16-Mar-10,11.220
17-Mar-10,11.220
18-Mar-10,11.220
19-Mar-10,11.220
20-Mar-10,11.220
21-Mar-10,11.220
22-Mar-10,11.220
23-Mar-10,11.220
24-Mar-10,
25-Mar-10,
26-Mar-10,
27-Mar-10,
28-Mar-10,
29-Mar-10,11.220
30-Mar-10,11.220
31-Mar-10,11.220
1-Apr-10,11.220
2-Apr-10,11.220
3-Apr-10,11.220
4-Apr-10,11.220
5-Apr-10,11.220
6-Apr-10,11.220
7-Apr-10,11.220
8-Apr-10,11.220
9-Apr-10,11.220
10-Apr-10,11.220
11-Apr-10,11.220
12-Apr-10,11.220
13-Apr-10,11.220
14-Apr-10,11.220
15-Apr-10,10.980
16-Apr-10,10.790
17-Apr-10,10.780
18-Apr-10,10.760
19-Apr-10,10.760
20-Apr-10,10.750
21-Apr-10,10.740
22-Apr-10,10.740
23-Apr-10,10.740
24-Apr-10,10.740
25-Apr-10,10.740
26-Apr-10,10.750
27-Apr-10,10.740
28-Apr-10,10.740
29-Apr-10,10.730
30-Apr-10,10.720
1-May-10,10.760
2-May-10,10.730
3-May-10,10.730
4-May-10,10.740
5-May-10,10.740
6-May-10,10.740
7-May-10,10.740
8-May-10,10.730
9-May-10,10.730
10-May-10,10.730
11-May-10,10.720
12-May-10,10.710
13-May-10,10.710
14-May-10,10.720
15-May-10,10.710
16-May-10,10.700
17-May-10,10.690
18-May-10,10.680
19-May-10,10.680
20-May-10,10.690
21-May-10,10.690
22-May-10,10.670
23-May-10,10.660
24-May-10,10.650
25-May-10,10.660
26-May-10,10.680
27-May-10,10.690
28-May-10,10.690
29-May-10,10.710
30-May-10,10.670
31-May-10,10.670
1-Jun-10,10.700
2-Jun-10,10.710
3-Jun-10,10.730
4-Jun-10,10.740
5-Jun-10,10.750
6-Jun-10,10.760
7-Jun-10,10.780
8-Jun-10,10.790
9-Jun-10,10.800
10-Jun-10,10.800
11-Jun-10,10.820
12-Jun-10,10.820
13-Jun-10,10.830
14-Jun-10,10.850
15-Jun-10,10.870
16-Jun-10,10.860
17-Jun-10,10.860
18-Jun-10,10.860
19-Jun-10,10.860
20-Jun-10,10.880
21-Jun-10,10.880
22-Jun-10,10.870
23-Jun-10,10.870
24-Jun-10,10.890
25-Jun-10,10.900
26-Jun-10,10.930
27-Jun-10,10.910
28-Jun-10,10.970
29-Jun-10,11.000
30-Jun-10,10.950
1-Jul-10,10.950
2-Jul-10,10.940
3-Jul-10,10.950
4-Jul-10,10.950
5-Jul-10,10.940
6-Jul-10,10.930
7-Jul-10,10.940
8-Jul-10,
9-Jul-10,
10-Jul-10,
11-Jul-10,
12-Jul-10,10.940
13-Jul-10,11.040
14-Jul-10,11.250
15-Jul-10,11.250
16-Jul-10,11.250
17-Jul-10,11.250
18-Jul-10,11.270
19-Jul-10,11.320
20-Jul-10,11.320
21-Jul-10,11.350
22-Jul-10,11.350
23-Jul-10,11.350
24-Jul-10,11.350
25-Jul-10,11.360
26-Jul-10,11.380
27-Jul-10,11.390
28-Jul-10,11.390
29-Jul-10,11.450
30-Jul-10,11.480
31-Jul-10,11.500
1-Aug-10,
2-Aug-10,
3-Aug-10,
4-Aug-10,
5-Aug-10,
6-Aug-10,11.554
7-Aug-10,11.553
8-Aug-10,11.563
9-Aug-10,11.565
10-Aug-10,11.552
11-Aug-10,11.554
12-Aug-10,11.554
13-Aug-10,11.555
14-Aug-10,11.549
15-Aug-10,11.537
16-Aug-10,11.524
17-Aug-10,11.518
18-Aug-10,11.518
19-Aug-10,11.514
20-Aug-10,11.501
21-Aug-10,11.513
22-Aug-10,11.506
23-Aug-10,11.522
24-Aug-10,11.521
25-Aug-10,11.532
26-Aug-10,11.604
27-Aug-10,11.656
28-Aug-10,11.660
29-Aug-10,
30-Aug-10,11.615
31-Aug-10,11.614
1-Sep-10,11.618
2-Sep-10,11.666
3-Sep-10,
4-Sep-10,
5-Sep-10,
6-Sep-10,11.685
7-Sep-10,11.687
8-Sep-10,11.684
9-Sep-10,11.679
10-Sep-10,11.674
11-Sep-10,11.670
12-Sep-10,11.660
13-Sep-10,11.641
14-Sep-10,11.633
15-Sep-10,11.617
16-Sep-10,11.595
17-Sep-10,11.580
18-Sep-10,11.570
19-Sep-10,11.558
20-Sep-10,11.549
21-Sep-10,11.556
22-Sep-10,11.550
23-Sep-10,11.534
24-Sep-10,11.523
25-Sep-10,11.512
26-Sep-10,11.504
27-Sep-10,11.485
28-Sep-10,11.476
29-Sep-10,11.470
30-Sep-10,11.467
1-Oct-10,11.481
2-Oct-10,11.536
3-Oct-10,11.539
4-Oct-10,11.528
5-Oct-10,11.522
6-Oct-10,11.508
7-Oct-10,11.500
8-Oct-10,11.488
9-Oct-10,
10-Oct-10,
11-Oct-10,11.454
12-Oct-10,11.457
13-Oct-10,11.452
14-Oct-10,11.460
15-Oct-10,11.447
16-Oct-10,11.438
17-Oct-10,11.432
18-Oct-10,11.451
19-Oct-10,11.616
20-Oct-10,11.569
21-Oct-10,11.551
22-Oct-10,11.533
23-Oct-10,11.528
24-Oct-10,11.527
25-Oct-10,11.533
26-Oct-10,11.545
27-Oct-10,11.600
28-Oct-10,11.608
29-Oct-10,11.597
30-Oct-10,11.598
31-Oct-10,11.587
1-Nov-10,11.617
2-Nov-10,11.652
3-Nov-10,11.680
4-Nov-10,11.683
5-Nov-10,11.683
6-Nov-10,11.704
7-Nov-10,11.706
8-Nov-10,11.706
9-Nov-10,11.703
10-Nov-10,11.743
11-Nov-10,11.770
12-Nov-10,11.778
13-Nov-10,11.772
14-Nov-10,11.761
15-Nov-10,11.767
16-Nov-10,11.773
17-Nov-10,11.765
18-Nov-10,11.757
19-Nov-10,11.753
20-Nov-10,11.741
21-Nov-10,11.727
22-Nov-10,11.713
23-Nov-10,11.708
24-Nov-10,11.723
25-Nov-10,11.716
26-Nov-10,11.713
27-Nov-10,11.704
28-Nov-10,11.685
29-Nov-10,11.681
30-Nov-10,11.676
1-Dec-10,11.681
2-Dec-10,11.674
3-Dec-10,11.679
4-Dec-10,11.696
5-Dec-10,11.692
6-Dec-10,11.679
7-Dec-10,11.675
8-Dec-10,11.673
9-Dec-10,11.656
10-Dec-10,11.640
11-Dec-10,11.628
12-Dec-10,11.610
13-Dec-10,11.590
14-Dec-10,11.581
15-Dec-10,11.573
16-Dec-10,11.560
17-Dec-10,11.560
18-Dec-10,11.554
19-Dec-10,11.531
20-Dec-10,11.542
21-Dec-10,11.551
22-Dec-10,11.543
23-Dec-10,11.536
24-Dec-10,11.523
25-Dec-10,11.522
26-Dec-10,11.526
27-Dec-10,11.521
28-Dec-10,11.501
29-Dec-10,11.509
30-Dec-10,11.537
31-Dec-10,11.578
1-Jan-11,11.586
2-Jan-11,11.574
3-Jan-11,11.565
4-Jan-11,11.552
5-Jan-11,11.538
6-Jan-11,11.526
7-Jan-11,11.518
8-Jan-11,11.503
9-Jan-11,11.476
10-Jan-11,11.481
11-Jan-11,11.489
12-Jan-11,11.475
13-Jan-11,11.473
14-Jan-11,
15-Jan-11,
16-Jan-11,
17-Jan-11,11.459
18-Jan-11,11.444
19-Jan-11,
20-Jan-11,
21-Jan-11,
22-Jan-11,
23-Jan-11,
24-Jan-11,
25-Jan-11,
26-Jan-11,
27-Jan-11,
28-Jan-11,
29-Jan-11,
30-Jan-11,
31-Jan-11,
1-Feb-11,
2-Feb-11,
3-Feb-11,
4-Feb-11,
5-Feb-11,
6-Feb-11,
7-Feb-11,
8-Feb-11,
9-Feb-11,
10-Feb-11,
11-Feb-11,
12-Feb-11,
13-Feb-11,
14-Feb-11,
15-Feb-11,
16-Feb-11,
17-Feb-11,
18-Feb-11,
19-Feb-11,
20-Feb-11,
21-Feb-11,
22-Feb-11,
23-Feb-11,11.160
24-Feb-11,11.160
25-Feb-11,11.160
26-Feb-11,11.160
27-Feb-11,11.160
28-Feb-11,11.160
1-Mar-11,11.160
2-Mar-11,11.160
3-Mar-11,11.160
4-Mar-11,11.160
5-Mar-11,11.160
6-Mar-11,11.160
7-Mar-11,11.160
8-Mar-11,11.160
9-Mar-11,11.160
10-Mar-11,11.160
11-Mar-11,11.160
12-Mar-11,11.160
13-Mar-11,11.160
14-Mar-11,11.160
15-Mar-11,11.160
16-Mar-11,11.160
17-Mar-11,11.160
18-Mar-11,11.160
19-Mar-11,11.160
20-Mar-11,11.160
21-Mar-11,11.114
22-Mar-11,11.024
23-Mar-11,11.020
24-Mar-11,11.020
25-Mar-11,11.020
26-Mar-11,11.020
27-Mar-11,11.020
28-Mar-11,11.020
29-Mar-11,11.020
30-Mar-11,11.020
31-Mar-11,11.020
1-Apr-11,11.020
2-Apr-11,11.020
3-Apr-11,11.020
4-Apr-11,11.020
5-Apr-11,11.020
6-Apr-11,11.020
7-Apr-11,11.020
8-Apr-11,11.020
9-Apr-11,11.020
10-Apr-11,11.020
11-Apr-11,11.020
12-Apr-11,11.020
13-Apr-11,11.020
14-Apr-11,11.020
15-Apr-11,11.020
16-Apr-11,11.020
17-Apr-11,11.020
18-Apr-11,11.020
19-Apr-11,11.020
20-Apr-11,11.020
21-Apr-11,11.020
22-Apr-11,11.020
23-Apr-11,11.020
24-Apr-11,11.020
25-Apr-11,11.020
26-Apr-11,11.020
27-Apr-11,11.020
28-Apr-11,11.020
29-Apr-11,11.020
30-Apr-11,11.020
1-May-11,10.964
2-May-11,10.804
3-May-11,10.799
4-May-11,10.801
5-May-11,10.801
6-May-11,10.808
7-May-11,10.780
8-May-11,10.830
9-May-11,11.063
10-May-11,11.020
11-May-11,11.020
12-May-11,11.020
13-May-11,11.020
14-May-11,11.020
15-May-11,11.020
16-May-11,11.020
17-May-11,10.995
18-May-11,10.964
19-May-11,10.976
20-May-11,10.978
21-May-11,10.975
22-May-11,10.970
23-May-11,10.978
24-May-11,10.983
25-May-11,11.020
26-May-11,11.020
27-May-11,11.015
28-May-11,11.008
29-May-11,11.031
30-May-11,11.034
31-May-11,11.031
1-Jun-11,11.031
2-Jun-11,11.044
3-Jun-11,11.033
4-Jun-11,11.039
5-Jun-11,11.037
6-Jun-11,11.031
7-Jun-11,11.024
8-Jun-11,11.069
9-Jun-11,11.315
10-Jun-11,11.271
11-Jun-11,11.278
12-Jun-11,11.281
13-Jun-11,11.293
14-Jun-11,11.300
15-Jun-11,11.306
16-Jun-11,11.307
17-Jun-11,11.309
18-Jun-11,11.299
19-Jun-11,11.330
20-Jun-11,11.373
21-Jun-11,11.358
22-Jun-11,11.358
23-Jun-11,11.370
24-Jun-11,11.636
25-Jun-11,12.114
26-Jun-11,
27-Jun-11,11.892
28-Jun-11,11.897
29-Jun-11,11.886
30-Jun-11,11.884
1-Jul-11,11.870
2-Jul-11,11.858
3-Jul-11,11.843
4-Jul-11,11.823
5-Jul-11,11.812
6-Jul-11,11.808
7-Jul-11,11.805
8-Jul-11,11.797
9-Jul-11,11.805
10-Jul-11,11.820
11-Jul-11,11.832
12-Jul-11,11.831
13-Jul-11,11.820
14-Jul-11,11.808
15-Jul-11,11.793
16-Jul-11,11.778
17-Jul-11,11.755
18-Jul-11,11.732
19-Jul-11,11.722
20-Jul-11,11.704
21-Jul-11,11.689
22-Jul-11,11.687
23-Jul-11,11.677
24-Jul-11,11.658
25-Jul-11,11.657
26-Jul-11,11.710
27-Jul-11,11.800
28-Jul-11,11.800
29-Jul-11,11.849
30-Jul-11,11.935
31-Jul-11,11.994
1-Aug-11,12.066
2-Aug-11,12.121
3-Aug-11,12.194
4-Aug-11,12.217
5-Aug-11,12.207
6-Aug-11,12.208
7-Aug-11,12.083
8-Aug-11,12.161
9-Aug-11,12.223
10-Aug-11,12.214
11-Aug-11,12.202
12-Aug-11,12.180
13-Aug-11,12.172
14-Aug-11,12.173
15-Aug-11,12.189
16-Aug-11,12.174
17-Aug-11,12.147
18-Aug-11,12.131
19-Aug-11,12.116
20-Aug-11,12.107
21-Aug-11,12.085
22-Aug-11,12.064
23-Aug-11,12.074
24-Aug-11,12.063
25-Aug-11,12.030
26-Aug-11,11.999
27-Aug-11,12.031
28-Aug-11,12.131
29-Aug-11,12.201
30-Aug-11,12.210
31-Aug-11,12.197
1-Sep-11,12.256
2-Sep-11,12.206
3-Sep-11,12.179
4-Sep-11,12.161
5-Sep-11,12.178
6-Sep-11,12.170
7-Sep-11,12.185
8-Sep-11,12.151
9-Sep-11,12.155
10-Sep-11,12.169
11-Sep-11,12.152
12-Sep-11,12.120
13-Sep-11,12.033
14-Sep-11,11.985
15-Sep-11,11.954
16-Sep-11,11.944
17-Sep-11,11.941
18-Sep-11,11.940
19-Sep-11,11.942
20-Sep-11,12.085
21-Sep-11,12.074
22-Sep-11,12.050
23-Sep-11,12.046
24-Sep-11,12.023
25-Sep-11,12.005
26-Sep-11,12.010
27-Sep-11,12.155
28-Sep-11,12.375
29-Sep-11,12.396
30-Sep-11,12.394
1-Oct-11,12.404
2-Oct-11,12.407
3-Oct-11,12.420
4-Oct-11,12.420
5-Oct-11,12.419
6-Oct-11,12.416
7-Oct-11,12.400
8-Oct-11,12.451
9-Oct-11,12.496
10-Oct-11,12.502
11-Oct-11,12.521
12-Oct-11,12.522
13-Oct-11,12.686
14-Oct-11,12.738
15-Oct-11,12.744
16-Oct-11,12.732
17-Oct-11,12.717
18-Oct-11,12.700
19-Oct-11,12.679
20-Oct-11,12.653
21-Oct-11,12.624
22-Oct-11,12.603
23-Oct-11,12.579
24-Oct-11,12.552
25-Oct-11,12.541
26-Oct-11,12.514
27-Oct-11,12.495
28-Oct-11,12.471
29-Oct-11,12.439
30-Oct-11,12.422
31-Oct-11,12.387
1-Nov-11,12.376
2-Nov-11,12.346
3-Nov-11,12.370
4-Nov-11,12.486
5-Nov-11,12.539
6-Nov-11,12.581
7-Nov-11,12.615
8-Nov-11,12.609
9-Nov-11,12.591
10-Nov-11,12.583
11-Nov-11,12.571
12-Nov-11,12.548
13-Nov-11,12.509
14-Nov-11,12.493
15-Nov-11,12.527
16-Nov-11,12.571
17-Nov-11,12.566
18-Nov-11,12.555
19-Nov-11,12.540
20-Nov-11,12.510
21-Nov-11,12.472
22-Nov-11,12.465
23-Nov-11,12.461
24-Nov-11,12.444
25-Nov-11,12.422
26-Nov-11,12.425
27-Nov-11,12.399
28-Nov-11,12.381
29-Nov-11,12.358
30-Nov-11,12.324
1-Dec-11,12.325
2-Dec-11,12.296
3-Dec-11,12.284
4-Dec-11,12.271
5-Dec-11,12.335
6-Dec-11,12.356
7-Dec-11,12.420
8-Dec-11,12.424
9-Dec-11,12.481
10-Dec-11,12.561
11-Dec-11,12.572
12-Dec-11,12.564
13-Dec-11,12.558
14-Dec-11,12.538
15-Dec-11,12.515
16-Dec-11,12.505
17-Dec-11,12.499
18-Dec-11,12.507
19-Dec-11,12.513
20-Dec-11,12.505
21-Dec-11,12.492
22-Dec-11,12.474
23-Dec-11,12.462
24-Dec-11,12.438
25-Dec-11,12.403
26-Dec-11,12.379
27-Dec-11,12.363
28-Dec-11,12.356
29-Dec-11,12.355
30-Dec-11,12.336
31-Dec-11,12.310
1-Jan-12,12.295
2-Jan-12,12.261
3-Jan-12,12.247
4-Jan-12,12.236
5-Jan-12,12.220
6-Jan-12,12.199
7-Jan-12,12.175
8-Jan-12,12.164
9-Jan-12,12.163
10-Jan-12,12.140
11-Jan-12,12.126
12-Jan-12,12.099
13-Jan-12,12.097
14-Jan-12,12.085
15-Jan-12,12.069
16-Jan-12,12.058
17-Jan-12,12.050
18-Jan-12,12.037
19-Jan-12,12.025
20-Jan-12,12.001
21-Jan-12,11.980
22-Jan-12,11.953
23-Jan-12,11.923
24-Jan-12,11.914
25-Jan-12,11.894
26-Jan-12,11.862
27-Jan-12,11.847
28-Jan-12,11.850
29-Jan-12,11.830
30-Jan-12,11.820
31-Jan-12,11.800
1-Feb-12,11.768
2-Feb-12,11.766
3-Feb-12,11.738
4-Feb-12,11.728
5-Feb-12,11.717
6-Feb-12,11.702
7-Feb-12,11.690
8-Feb-12,11.666
9-Feb-12,11.654
10-Feb-12,11.643
11-Feb-12,11.619
12-Feb-12,11.599
13-Feb-12,11.601
14-Feb-12,11.639
15-Feb-12,11.640
16-Feb-12,11.635
17-Feb-12,11.637
18-Feb-12,11.625
19-Feb-12,11.614
20-Feb-12,11.650
21-Feb-12,11.714
22-Feb-12,11.713
23-Feb-12,11.716
24-Feb-12,11.693
25-Feb-12,11.680
26-Feb-12,11.670
27-Feb-12,11.635
28-Feb-12,11.638
29-Feb-12,11.625
1-Mar-12,11.605
2-Mar-12,11.593
3-Mar-12,11.573
4-Mar-12,11.554
5-Mar-12,11.526
6-Mar-12,11.521
7-Mar-12,11.519
8-Mar-12,11.504
9-Mar-12,11.481
10-Mar-12,11.461
11-Mar-12,11.447
12-Mar-12,11.427
13-Mar-12,11.425
14-Mar-12,11.426
15-Mar-12,11.410
16-Mar-12,11.403
17-Mar-12,11.387
18-Mar-12,11.365
19-Mar-12,11.351
20-Mar-12,11.354
21-Mar-12,11.343
22-Mar-12,11.337
23-Mar-12,11.345
24-Mar-12,11.341
25-Mar-12,11.361
26-Mar-12,11.337
27-Mar-12,11.331
28-Mar-12,11.327
29-Mar-12,11.337
30-Mar-12,11.375
31-Mar-12,11.382
1-Apr-12,11.382
2-Apr-12,11.391
3-Apr-12,11.393
4-Apr-12,11.389
5-Apr-12,11.371
6-Apr-12,11.366
7-Apr-12,11.347
8-Apr-12,11.329
9-Apr-12,11.320
10-Apr-12,11.302
11-Apr-12,11.293
12-Apr-12,11.293
13-Apr-12,11.289
14-Apr-12,11.264
15-Apr-12,11.252
16-Apr-12,11.247
17-Apr-12,11.228
18-Apr-12,11.211
19-Apr-12,11.199
20-Apr-12,11.189
21-Apr-12,11.181
22-Apr-12,11.180
23-Apr-12,11.169
24-Apr-12,11.171
25-Apr-12,11.170
26-Apr-12,11.170
27-Apr-12,11.170
28-Apr-12,11.160
29-Apr-12,11.150
30-Apr-12,11.140
1-May-12,11.110
2-May-12,11.100
3-May-12,11.100
4-May-12,11.090
5-May-12,11.090
6-May-12,11.090
7-May-12,11.100
8-May-12,11.100
9-May-12,11.090
10-May-12,11.090
11-May-12,11.080
12-May-12,11.080
13-May-12,11.090
14-May-12,11.090
15-May-12,11.100
16-May-12,11.090
17-May-12,11.090
18-May-12,11.080
19-May-12,11.080
20-May-12,11.080
21-May-12,11.090
22-May-12,11.100
23-May-12,11.100
24-May-12,11.100
25-May-12,11.100
26-May-12,11.110
27-May-12,11.110
28-May-12,11.110
29-May-12,11.120
30-May-12,11.120
31-May-12,11.120
1-Jun-12,11.130
2-Jun-12,11.130
3-Jun-12,11.190
4-Jun-12,11.210
5-Jun-12,11.200
6-Jun-12,11.210
7-Jun-12,11.220
8-Jun-12,11.230
9-Jun-12,11.240
10-Jun-12,11.230
11-Jun-12,11.220
12-Jun-12,
13-Jun-12,
14-Jun-12,11.220
15-Jun-12,
16-Jun-12,
17-Jun-12,11.220
18-Jun-12,11.230
19-Jun-12,11.240
20-Jun-12,11.240
21-Jun-12,11.240
22-Jun-12,11.230
23-Jun-12,11.230
24-Jun-12,11.220
25-Jun-12,
26-Jun-12,
27-Jun-12,
28-Jun-12,11.220
29-Jun-12,11.230
30-Jun-12,11.230
1-Jul-12,11.230
2-Jul-12,11.240
3-Jul-12,
4-Jul-12,11.460
5-Jul-12,11.540
6-Jul-12,11.590
7-Jul-12,11.590
8-Jul-12,11.580
9-Jul-12,11.570
10-Jul-12,11.590
11-Jul-12,11.620
12-Jul-12,11.620
13-Jul-12,11.620
14-Jul-12,11.630
15-Jul-12,11.630
16-Jul-12,11.640
17-Jul-12,11.640
18-Jul-12,11.660
19-Jul-12,11.670
20-Jul-12,11.680
21-Jul-12,11.760
22-Jul-12,11.880
23-Jul-12,12.010
24-Jul-12,12.020
25-Jul-12,12.020
26-Jul-12,12.040
27-Jul-12,12.060
28-Jul-12,12.090
29-Jul-12,12.120
30-Jul-12,12.250
31-Jul-12,12.450
1-Aug-12,12.500
2-Aug-12,12.560
3-Aug-12,12.600
4-Aug-12,12.630
5-Aug-12,12.670
6-Aug-12,12.770
7-Aug-12,13.120
8-Aug-12,13.540
9-Aug-12,13.750
10-Aug-12,13.820
11-Aug-12,13.860
12-Aug-12,13.860
13-Aug-12,13.850
14-Aug-12,13.830
15-Aug-12,13.810
16-Aug-12,13.850
17-Aug-12,13.860
18-Aug-12,13.830
19-Aug-12,
20-Aug-12,13.770
21-Aug-12,13.750
22-Aug-12,13.730
23-Aug-12,13.690
24-Aug-12,13.660
25-Aug-12,13.660
26-Aug-12,13.630
27-Aug-12,13.600
28-Aug-12,13.580
29-Aug-12,13.550
30-Aug-12,13.540
31-Aug-12,13.520
1-Sep-12,13.510
2-Sep-12,13.520
3-Sep-12,13.480
4-Sep-12,13.460
5-Sep-12,13.470
6-Sep-12,13.450
7-Sep-12,13.430
8-Sep-12,13.400
9-Sep-12,13.380
10-Sep-12,13.350
11-Sep-12,13.350
12-Sep-12,13.350
13-Sep-12,13.340
14-Sep-12,13.340
15-Sep-12,13.390
16-Sep-12,13.410
17-Sep-12,13.430
18-Sep-12,
19-Sep-12,13.440
20-Sep-12,13.450
21-Sep-12,13.470
22-Sep-12,13.450
23-Sep-12,13.430
24-Sep-12,13.390
25-Sep-12,13.370
26-Sep-12,13.370
27-Sep-12,13.350
28-Sep-12,13.310
29-Sep-12,13.270
30-Sep-12,13.260
1-Oct-12,13.250
2-Oct-12,
3-Oct-12,13.240
4-Oct-12,13.310
5-Oct-12,13.300
6-Oct-12,13.270
7-Oct-12,13.240
8-Oct-12,13.220
9-Oct-12,13.190
10-Oct-12,13.170
11-Oct-12,13.150
12-Oct-12,13.120
13-Oct-12,13.080
14-Oct-12,13.060
15-Oct-12,13.020
16-Oct-12,12.990
17-Oct-12,12.960
18-Oct-12,12.930
19-Oct-12,12.900
20-Oct-12,12.870
21-Oct-12,12.840
22-Oct-12,12.810
23-Oct-12,12.780
24-Oct-12,12.750
25-Oct-12,12.720
26-Oct-12,12.970
27-Oct-12,13.010
28-Oct-12,13.020
29-Oct-12,13.000
30-Oct-12,12.970
31-Oct-12,12.840
1-Nov-12,12.920
2-Nov-12,12.900
3-Nov-12,12.870
4-Nov-12,12.840
5-Nov-12,12.810
6-Nov-12,12.780
7-Nov-12,12.750
8-Nov-12,
9-Nov-12,12.720
10-Nov-12,12.700
11-Nov-12,12.670
12-Nov-12,
13-Nov-12,
14-Nov-12,12.660
15-Nov-12,12.640
16-Nov-12,12.620
17-Nov-12,12.600
18-Nov-12,12.580
19-Nov-12,12.550
20-Nov-12,12.520
21-Nov-12,12.500
22-Nov-12,12.480
23-Nov-12,
24-Nov-12,
25-Nov-12,
26-Nov-12,
27-Nov-12,
28-Nov-12,
29-Nov-12,
30-Nov-12,
1-Dec-12,
2-Dec-12,
3-Dec-12,
4-Dec-12,
5-Dec-12,
6-Dec-12,
7-Dec-12,
8-Dec-12,
9-Dec-12,
10-Dec-12,
11-Dec-12,
12-Dec-12,
13-Dec-12,
14-Dec-12,
15-Dec-12,
16-Dec-12,
17-Dec-12,
18-Dec-12,
19-Dec-12,
20-Dec-12,
21-Dec-12,
22-Dec-12,
23-Dec-12,
24-Dec-12,
25-Dec-12,
26-Dec-12,
27-Dec-12,
28-Dec-12,
29-Dec-12,
30-Dec-12,
31-Dec-12,
1-Jan-13,
2-Jan-13,
3-Jan-13,
4-Jan-13,
5-Jan-13,
6-Jan-13,
7-Jan-13,
8-Jan-13,
9-Jan-13,
10-Jan-13,
11-Jan-13,
12-Jan-13,
13-Jan-13,11.680
14-Jan-13,
15-Jan-13,
16-Jan-13,11.650
17-Jan-13,11.630
18-Jan-13,11.610
19-Jan-13,11.580
20-Jan-13,11.560
21-Jan-13,11.540
22-Jan-13,11.540
23-Jan-13,11.530
24-Jan-13,11.520
25-Jan-13,11.490
26-Jan-13,11.470
27-Jan-13,11.460
28-Jan-13,11.450
29-Jan-13,
30-Jan-13,11.410
31-Jan-13,11.390
1-Feb-13,11.370
2-Feb-13,11.350
3-Feb-13,11.330
4-Feb-13,
5-Feb-13,11.310
6-Feb-13,11.290
7-Feb-13,11.280
8-Feb-13,11.260
9-Feb-13,11.250
10-Feb-13,11.240
11-Feb-13,11.230
12-Feb-13,11.220
13-Feb-13,11.210
14-Feb-13,11.200
15-Feb-13,11.190
16-Feb-13,11.180
17-Feb-13,11.160
18-Feb-13,11.140
19-Feb-13,11.120
20-Feb-13,11.100
21-Feb-13,11.080
22-Feb-13,
23-Feb-13,11.280
24-Feb-13,11.290
25-Feb-13,11.280
26-Feb-13,
27-Feb-13,11.270
28-Feb-13,11.270
1-Mar-13,11.260
2-Mar-13,11.250
3-Mar-13,11.240
4-Mar-13,11.220
5-Mar-13,11.200
6-Mar-13,11.160
7-Mar-13,11.180
8-Mar-13,11.170
9-Mar-13,11.170
10-Mar-13,11.160
11-Mar-13,11.150
12-Mar-13,11.140
13-Mar-13,11.130
14-Mar-13,11.120
15-Mar-13,11.110
16-Mar-13,11.100
17-Mar-13,11.090
18-Mar-13,11.080
19-Mar-13,11.070
20-Mar-13,11.060
21-Mar-13,11.050
22-Mar-13,11.040
23-Mar-13,11.030
24-Mar-13,11.020
25-Mar-13,11.020
26-Mar-13,11.010
27-Mar-13,10.990
28-Mar-13,10.970
29-Mar-13,10.950
30-Mar-13,10.940
31-Mar-13,10.930
1-Apr-13,10.920
2-Apr-13,10.920
3-Apr-13,10.910
4-Apr-13,10.910
5-Apr-13,10.900
6-Apr-13,10.910
7-Apr-13,10.910
8-Apr-13,10.900
9-Apr-13,10.890
10-Apr-13,10.880
11-Apr-13,10.870
12-Apr-13,10.860
13-Apr-13,10.850
14-Apr-13,10.840
15-Apr-13,10.830
16-Apr-13,10.830
17-Apr-13,10.830
18-Apr-13,10.830
19-Apr-13,10.820
20-Apr-13,10.820
21-Apr-13,10.820
22-Apr-13,10.820
23-Apr-13,10.820
24-Apr-13,10.810
25-Apr-13,10.800
26-Apr-13,10.800
27-Apr-13,10.790
28-Apr-13,10.790
29-Apr-13,10.790
30-Apr-13,10.780
1-May-13,10.770
2-May-13,10.770
3-May-13,10.760
4-May-13,10.760
5-May-13,10.760
6-May-13,10.750
7-May-13,10.750
8-May-13,10.750
9-May-13,10.740
10-May-13,10.740
11-May-13,10.750
12-May-13,10.750
13-May-13,10.740
14-May-13,10.760
15-May-13,10.770
16-May-13,10.770
17-May-13,10.780
18-May-13,10.780
19-May-13,10.780
20-May-13,10.790
21-May-13,10.790
22-May-13,10.790
23-May-13,10.800
24-May-13,10.800
25-May-13,10.810
26-May-13,10.810
27-May-13,10.820
28-May-13,10.830
29-May-13,10.830
30-May-13,10.820
31-May-13,10.840
1-Jun-13,10.840
2-Jun-13,10.845
3-Jun-13,10.840
4-Jun-13,10.840
5-Jun-13,10.835
6-Jun-13,10.835
7-Jun-13,10.830
8-Jun-13,10.850
9-Jun-13,10.860
10-Jun-13,10.865
11-Jun-13,10.870
12-Jun-13,10.900
13-Jun-13,10.940
14-Jun-13,10.960
15-Jun-13,10.970
16-Jun-13,10.970
17-Jun-13,10.980
18-Jun-13,11.000
19-Jun-13,11.050
20-Jun-13,11.060
21-Jun-13,11.070
22-Jun-13,11.060
23-Jun-13,11.070
24-Jun-13,11.070
25-Jun-13,11.070
26-Jun-13,11.060
27-Jun-13,11.065
28-Jun-13,11.070
29-Jun-13,11.070
30-Jun-13,11.140
1-Jul-13,11.300
2-Jul-13,11.210
3-Jul-13,11.215
4-Jul-13,11.220
5-Jul-13,11.240
6-Jul-13,11.240
7-Jul-13,11.240
8-Jul-13,11.240
9-Jul-13,11.235
10-Jul-13,11.250
11-Jul-13,11.250
12-Jul-13,11.240
13-Jul-13,11.240
14-Jul-13,11.240
15-Jul-13,11.250
16-Jul-13,11.240
17-Jul-13,11.265
18-Jul-13,11.275
19-Jul-13,11.265
20-Jul-13,11.275
21-Jul-13,11.265
22-Jul-13,11.260
23-Jul-13,11.260
24-Jul-13,11.310
25-Jul-13,11.320
26-Jul-13,11.310
27-Jul-13,11.320
28-Jul-13,11.325
29-Jul-13,11.325
30-Jul-13,11.330
31-Jul-13,11.340
1-Aug-13,11.360
2-Aug-13,11.370
3-Aug-13,11.370
4-Aug-13,11.380
5-Aug-13,11.380
6-Aug-13,11.400
7-Aug-13,11.405
8-Aug-13,11.400
9-Aug-13,11.410
10-Aug-13,11.420
11-Aug-13,11.440
12-Aug-13,
13-Aug-13,11.540
14-Aug-13,11.570
15-Aug-13,11.570
16-Aug-13,11.560
17-Aug-13,11.560
18-Aug-13,11.550
19-Aug-13,11.760
20-Aug-13,12.070
21-Aug-13,12.400
22-Aug-13,12.560
23-Aug-13,12.630
24-Aug-13,12.660
25-Aug-13,12.690
26-Aug-13,12.680
27-Aug-13,12.680
28-Aug-13,12.680
29-Aug-13,12.660
30-Aug-13,12.640
31-Aug-13,12.620
1-Sep-13,12.600
2-Sep-13,12.580
3-Sep-13,12.560
4-Sep-13,12.540
5-Sep-13,12.520
6-Sep-13,12.500
7-Sep-13,12.480
8-Sep-13,12.460
9-Sep-13,12.440
10-Sep-13,12.430
11-Sep-13,12.420
12-Sep-13,11.410
13-Sep-13,11.410
14-Sep-13,11.460
15-Sep-13,11.460
16-Sep-13,11.520
17-Sep-13,11.570
18-Sep-13,11.580
19-Sep-13,11.580
20-Sep-13,
21-Sep-13,
22-Sep-13,11.570
23-Sep-13,12.780
24-Sep-13,12.950
25-Sep-13,13.000
26-Sep-13,13.000
27-Sep-13,12.990
28-Sep-13,13.000
29-Sep-13,13.030
30-Sep-13,13.040
1-Oct-13,13.040
2-Oct-13,13.070
3-Oct-13,13.080
4-Oct-13,13.075
5-Oct-13,13.070
6-Oct-13,13.050
7-Oct-13,13.020
8-Oct-13,12.990
9-Oct-13,12.960
10-Oct-13,12.940
11-Oct-13,12.950
12-Oct-13,12.980
13-Oct-13,13.060
14-Oct-13,13.040
15-Oct-13,13.030
16-Oct-13,13.010
17-Oct-13,13.020
18-Oct-13,13.000
19-Oct-13,12.980
20-Oct-13,12.960
21-Oct-13,12.940
22-Oct-13,12.910
23-Oct-13,12.880
24-Oct-13,12.760
25-Oct-13,12.720
26-Oct-13,12.700
27-Oct-13,12.670
28-Oct-13,12.640
29-Oct-13,12.600
30-Oct-13,12.563
31-Oct-13,12.530
1-Nov-13,12.510
2-Nov-13,12.490
3-Nov-13,12.470
4-Nov-13,12.450
5-Nov-13,12.430
6-Nov-13,12.460
7-Nov-13,12.450
8-Nov-13,
9-Nov-13,12.530
10-Nov-13,12.560
11-Nov-13,12.530
12-Nov-13,12.530
13-Nov-13,12.540
14-Nov-13,12.580
15-Nov-13,12.550
16-Nov-13,12.530
17-Nov-13,12.510
18-Nov-13,12.480
19-Nov-13,12.450
20-Nov-13,
21-Nov-13,12.450
22-Nov-13,12.430
23-Nov-13,12.430
24-Nov-13,12.450
25-Nov-13,12.430
26-Nov-13,12.410
27-Nov-13,12.390
28-Nov-13,12.370
29-Nov-13,12.350
30-Nov-13,12.330
1-Dec-13,12.300
2-Dec-13,12.280
3-Dec-13,12.260
4-Dec-13,12.240
5-Dec-13,12.220
6-Dec-13,12.200
7-Dec-13,12.180
8-Dec-13,12.160
9-Dec-13,12.150
10-Dec-13,12.140
11-Dec-13,12.130
12-Dec-13,12.110
13-Dec-13,12.090
14-Dec-13,12.060
15-Dec-13,12.040
16-Dec-13,12.040
17-Dec-13,12.030
18-Dec-13,12.030
19-Dec-13,12.020
20-Dec-13,12.010
21-Dec-13,11.990
22-Dec-13,11.970
23-Dec-13,11.950
24-Dec-13,11.940
25-Dec-13,11.920
26-Dec-13,11.900
27-Dec-13,11.880
28-Dec-13,11.860
29-Dec-13,11.840
30-Dec-13,11.810
31-Dec-13,11.790
1-Jan-14,11.770
2-Jan-14,11.750
3-Jan-14,11.720
4-Jan-14,11.700
5-Jan-14,11.680
6-Jan-14,11.660
7-Jan-14,11.650
8-Jan-14,11.630
9-Jan-14,11.620
10-Jan-14,11.600
11-Jan-14,11.580
12-Jan-14,11.560
13-Jan-14,11.530
14-Jan-14,11.510
15-Jan-14,11.480
16-Jan-14,11.460
17-Jan-14,11.460
18-Jan-14,11.440
19-Jan-14,11.410
20-Jan-14,11.390
21-Jan-14,11.370
22-Jan-14,11.350
23-Jan-14,11.330
24-Jan-14,11.310
25-Jan-14,11.300
26-Jan-14,11.300
27-Jan-14,11.280
28-Jan-14,11.270
29-Jan-14,11.260
30-Jan-14,11.250
31-Jan-14,11.230
1-Feb-14,11.370
2-Feb-14,11.350
3-Feb-14,11.330
4-Feb-14,
5-Feb-14,11.310
6-Feb-14,11.290
7-Feb-14,11.280
8-Feb-14,11.260
9-Feb-14,11.250
10-Feb-14,11.240
11-Feb-14,11.230
12-Feb-14,11.220
13-Feb-14,11.210
14-Feb-14,11.200
15-Feb-14,11.190
16-Feb-14,11.180
17-Feb-14,11.160
18-Feb-14,11.140
19-Feb-14,11.120
20-Feb-14,11.100
21-Feb-14,11.080
22-Feb-14,
23-Feb-14,11.280
24-Feb-14,11.290
25-Feb-14,11.280
26-Feb-14,
27-Feb-14,11.270
28-Feb-14,11.270
1-Mar-14,11.260
2-Mar-14,11.250
3-Mar-14,11.240
4-Mar-14,11.220
5-Mar-14,11.200
6-Mar-14,11.160
7-Mar-14,11.180
8-Mar-14,11.170
9-Mar-14,11.170
10-Mar-14,11.160
11-Mar-14,11.150
12-Mar-14,11.140
13-Mar-14,11.130
14-Mar-14,11.120
15-Mar-14,11.110
16-Mar-14,11.100
17-Mar-14,11.090
18-Mar-14,11.080
19-Mar-14,11.070
20-Mar-14,11.060
21-Mar-14,11.050
22-Mar-14,11.040
23-Mar-14,11.030
24-Mar-14,11.020
25-Mar-14,11.020
26-Mar-14,11.010
27-Mar-14,10.990
28-Mar-14,10.970
29-Mar-14,10.950
30-Mar-14,10.940
31-Mar-14,10.930
1-Apr-14,10.920
2-Apr-14,10.920
3-Apr-14,10.910
4-Apr-14,10.910
5-Apr-14,10.900
6-Apr-14,10.910
7-Apr-14,10.910
8-Apr-14,10.900
9-Apr-14,10.890
10-Apr-14,10.880
11-Apr-14,10.870
12-Apr-14,10.860
13-Apr-14,10.850
14-Apr-14,10.840
15-Apr-14,10.830
16-Apr-14,10.830
17-Apr-14,10.830
18-Apr-14,10.830
19-Apr-14,10.820
20-Apr-14,10.820
21-Apr-14,10.820
22-Apr-14,10.820
23-Apr-14,10.820
24-Apr-14,10.810
25-Apr-14,10.800
26-Apr-14,10.800
27-Apr-14,10.790
28-Apr-14,10.790
29-Apr-14,10.790
30-Apr-14,10.780
1-May-14,10.770
2-May-14,10.770
3-May-14,10.760
4-May-14,10.760
5-May-14,10.760
6-May-14,10.750
7-May-14,10.750
8-May-14,10.750
9-May-14,10.740
10-May-14,10.740
11-May-14,10.750
12-May-14,10.750
13-May-14,10.740
14-May-14,10.760
15-May-14,10.770
16-May-14,10.770
17-May-14,10.780
18-May-14,10.780
19-May-14,10.780
20-May-14,10.790
21-May-14,10.790
22-May-14,10.790
23-May-14,10.800
24-May-14,10.800
25-May-14,10.810
26-May-14,10.810
27-May-14,10.820
28-May-14,10.830
29-May-14,10.830
30-May-14,10.820
31-May-14,10.840
1-Jun-14,10.530
2-Jun-14,10.530
3-Jun-14,10.540
4-Jun-14,10.540
5-Jun-14,10.550
6-Jun-14,10.560
7-Jun-14,10.580
8-Jun-14,10.590
9-Jun-14,10.590
10-Jun-14,10.600
11-Jun-14,10.620
12-Jun-14,10.640
13-Jun-14,10.660
14-Jun-14,
15-Jun-14,10.700
16-Jun-14,10.670
17-Jun-14,10.680
18-Jun-14,10.680
19-Jun-14,10.700
20-Jun-14,10.710
21-Jun-14,10.710
22-Jun-14,10.720
23-Jun-14,10.720
24-Jun-14,10.720
25-Jun-14,10.720
26-Jun-14,10.730
27-Jun-14,10.760
28-Jun-14,10.770
29-Jun-14,10.780
30-Jun-14,10.770
1-Jul-14,10.780
2-Jul-14,10.780
3-Jul-14,10.790
4-Jul-14,10.820
5-Jul-14,10.830
6-Jul-14,10.850
7-Jul-14,10.860
8-Jul-14,10.860
9-Jul-14,10.870
10-Jul-14,10.880
11-Jul-14,10.880
12-Jul-14,10.880
13-Jul-14,10.890
14-Jul-14,10.900
15-Jul-14,10.890
16-Jul-14,11.090
17-Jul-14,11.200
18-Jul-14,11.240
19-Jul-14,11.240
20-Jul-14,11.250
21-Jul-14,11.240
22-Jul-14,11.250
23-Jul-14,11.260
24-Jul-14,11.310
25-Jul-14,11.330
26-Jul-14,11.340
27-Jul-14,11.360
28-Jul-14,11.380
29-Jul-14,11.390
30-Jul-14,11.400
31-Jul-14,11.410
1-Aug-14,11.420
2-Aug-14,11.430
3-Aug-14,11.440
4-Aug-14,11.530
5-Aug-14,11.530
6-Aug-14,11.550
7-Aug-14,11.550
8-Aug-14,11.560
9-Aug-14,11.550
10-Aug-14,11.540
11-Aug-14,11.520
12-Aug-14,11.500
13-Aug-14,11.500
14-Aug-14,11.490
15-Aug-14,11.480
16-Aug-14,11.470
17-Aug-14,11.460
18-Aug-14,11.450
19-Aug-14,11.440
20-Aug-14,11.430
21-Aug-14,11.420
22-Aug-14,11.410
23-Aug-14,11.400
24-Aug-14,11.400
25-Aug-14,11.390
26-Aug-14,11.410
27-Aug-14,11.430
28-Aug-14,11.440
29-Aug-14,11.450
30-Aug-14,11.460
31-Aug-14,11.470
1-Sep-14,11.460
2-Sep-14,11.460
3-Sep-14,11.470
4-Sep-14,11.480
5-Sep-14,11.490
6-Sep-14,11.490
7-Sep-14,11.480
8-Sep-14,11.490
9-Sep-14,11.500
10-Sep-14,11.480
11-Sep-14,11.500
12-Sep-14,11.540
13-Sep-14,11.540
14-Sep-14,11.590
15-Sep-14,11.700
16-Sep-14,11.750
17-Sep-14,11.750
18-Sep-14,11.750
19-Sep-14,11.800
20-Sep-14,12.250
21-Sep-14,12.320
22-Sep-14,12.320
23-Sep-14,12.300
24-Sep-14,12.290
25-Sep-14,12.280
26-Sep-14,12.270
27-Sep-14,12.260
28-Sep-14,12.240
29-Sep-14,12.230
30-Sep-14,12.220
1-Oct-14,12.220
2-Oct-14,12.210
3-Oct-14,12.200
4-Oct-14,12.190
5-Oct-14,12.170
6-Oct-14,12.150
7-Oct-14,12.160
8-Oct-14,12.150
9-Oct-14,12.140
10-Oct-14,12.145
11-Oct-14,12.130
12-Oct-14,12.120
13-Oct-14,12.110
14-Oct-14,12.110
15-Oct-14,12.100
16-Oct-14,12.090
17-Oct-14,12.100
18-Oct-14,12.110
19-Oct-14,12.090
20-Oct-14,12.080
21-Oct-14,12.070
22-Oct-14,12.060
23-Oct-14,12.050
24-Oct-14,12.040
25-Oct-14,12.020
26-Oct-14,12.000
27-Oct-14,11.980
28-Oct-14,11.970
29-Oct-14,11.990
30-Oct-14,12.000
31-Oct-14,11.970
1-Nov-14,11.960
2-Nov-14,11.950
3-Nov-14,11.930
4-Nov-14,11.920
5-Nov-14,11.910
6-Nov-14,11.900
7-Nov-14,11.890
8-Nov-14,11.870
9-Nov-14,11.850
10-Nov-14,11.830
11-Nov-14,11.810
12-Nov-14,11.790
13-Nov-14,11.780
14-Nov-14,11.760
15-Nov-14,11.750
16-Nov-14,11.740
17-Nov-14,11.740
18-Nov-14,11.720
19-Nov-14,11.700
20-Nov-14,11.680
21-Nov-14,11.660
22-Nov-14,11.650
23-Nov-14,11.640
24-Nov-14,11.620
25-Nov-14,11.610
26-Nov-14,11.600
27-Nov-14,11.600
28-Nov-14,11.610
29-Nov-14,11.600
30-Nov-14,11.610
1-Dec-14,11.610
2-Dec-14,11.600
3-Dec-14,11.590
4-Dec-14,11.590
5-Dec-14,11.580
6-Dec-14,11.570
7-Dec-14,11.560
8-Dec-14,11.550
9-Dec-14,11.550
10-Dec-14,11.800
11-Dec-14,11.870
12-Dec-14,11.855
13-Dec-14,11.845
14-Dec-14,11.830
15-Dec-14,11.835
16-Dec-14,11.850
17-Dec-14,11.840
18-Dec-14,11.830
19-Dec-14,11.820
20-Dec-14,11.810
21-Dec-14,11.800
22-Dec-14,11.790
23-Dec-14,11.780
24-Dec-14,11.830
25-Dec-14,12.030
26-Dec-14,12.050
27-Dec-14,12.040
28-Dec-14,12.020
29-Dec-14,12.000
30-Dec-14,11.980
31-Dec-14,11.960
1-Jan-15,11.940
2-Jan-15,11.930
3-Jan-15,11.920
4-Jan-15,11.910
5-Jan-15,11.900
6-Jan-15,11.890
7-Jan-15,11.870
8-Jan-15,11.860
9-Jan-15,11.850
10-Jan-15,11.830
11-Jan-15,11.820
12-Jan-15,11.800
13-Jan-15,11.780
14-Jan-15,11.760
15-Jan-15,11.740
16-Jan-15,11.720
17-Jan-15,11.710
18-Jan-15,11.700
19-Jan-15,11.700
20-Jan-15,11.690
21-Jan-15,11.680
22-Jan-15,11.670
23-Jan-15,11.630
24-Jan-15,11.640
25-Jan-15,11.620
26-Jan-15,11.610
27-Jan-15,11.600
28-Jan-15,11.580
29-Jan-15,11.570
30-Jan-15,11.550
31-Jan-15,11.530
1-Feb-15,11.510
2-Feb-15,11.490
3-Feb-15,11.470
4-Feb-15,11.460
5-Feb-15,11.440
6-Feb-15,11.420
7-Feb-15,11.400
8-Feb-15,11.390
9-Feb-15,11.380
10-Feb-15,11.360
11-Feb-15,11.350
12-Feb-15,11.330
13-Feb-15,11.320
14-Feb-15,11.310
15-Feb-15,11.290
16-Feb-15,11.280
17-Feb-15,11.260
18-Feb-15,11.250
19-Feb-15,11.230
20-Feb-15,11.210
21-Feb-15,11.190
22-Feb-15,11.180
23-Feb-15,11.170
24-Feb-15,11.160
25-Feb-15,11.150
26-Feb-15,11.140
27-Feb-15,11.130
28-Feb-15,11.120
1-Mar-15,11.000
2-Mar-15,10.980
3-Mar-15,10.960
4-Mar-15,10.950
5-Mar-15,10.940
6-Mar-15,10.930
7-Mar-15,10.920
8-Mar-15,10.900
9-Mar-15,10.890
10-Mar-15,10.870
11-Mar-15,10.860
12-Mar-15,10.850
13-Mar-15,10.840
14-Mar-15,10.830
15-Mar-15,10.810
16-Mar-15,10.810
17-Mar-15,10.800
18-Mar-15,10.790
19-Mar-15,10.780
20-Mar-15,10.770
21-Mar-15,10.770
22-Mar-15,10.760
23-Mar-15,10.770
24-Mar-15,10.770
25-Mar-15,10.780
26-Mar-15,10.770
27-Mar-15,10.760
28-Mar-15,10.750
29-Mar-15,10.740
30-Mar-15,10.740
31-Mar-15,10.740
1-Apr-15,10.740
2-Apr-15,10.720
3-Apr-15,10.710
4-Apr-15,10.690
5-Apr-15,10.680
6-Apr-15,10.680
7-Apr-15,10.670
8-Apr-15,10.670
9-Apr-15,10.660
10-Apr-15,10.660
11-Apr-15,10.650
12-Apr-15,10.640
13-Apr-15,10.630
14-Apr-15,10.630
15-Apr-15,10.620
16-Apr-15,10.620
17-Apr-15,10.610
18-Apr-15,10.610
19-Apr-15,10.600
20-Apr-15,10.590
21-Apr-15,10.590
22-Apr-15,10.600
23-Apr-15,10.590
24-Apr-15,10.590
25-Apr-15,10.580
26-Apr-15,10.580
27-Apr-15,10.570
28-Apr-15,10.570
29-Apr-15,10.560
30-Apr-15,10.560
1-May-15,10.550
2-May-15,10.550
3-May-15,10.540
4-May-15,10.540
5-May-15,10.550
6-May-15,10.550
7-May-15,10.560
8-May-15,10.550
9-May-15,10.550
10-May-15,10.540
11-May-15,10.540
12-May-15,10.550
13-May-15,10.560
14-May-15,10.550
15-May-15,10.540
16-May-15,10.540
17-May-15,10.530
18-May-15,10.530
19-May-15,10.520
20-May-15,10.520
21-May-15,10.530
22-May-15,10.540
23-May-15,10.550
24-May-15,10.560
25-May-15,10.550
26-May-15,10.560
27-May-15,10.560
28-May-15,10.570
29-May-15,10.570
30-May-15,10.570
31-May-15,10.580
1-Jun-15,10.570
2-Jun-15,10.570
3-Jun-15,10.570
4-Jun-15,10.560
5-Jun-15,10.550
6-Jun-15,10.550
7-Jun-15,10.560
8-Jun-15,10.550
9-Jun-15,10.550
10-Jun-15,10.580
11-Jun-15,10.590
12-Jun-15,10.590
13-Jun-15,10.580
14-Jun-15,10.590
15-Jun-15,10.580
16-Jun-15,10.570
17-Jun-15,10.570
18-Jun-15,10.580
19-Jun-15,10.610
20-Jun-15,10.620
21-Jun-15,10.640
22-Jun-15,10.650
23-Jun-15,10.650
24-Jun-15,10.650
25-Jun-15,10.650
26-Jun-15,10.660
27-Jun-15,10.660
28-Jun-15,10.660
29-Jun-15,10.650
30-Jun-15,10.660
1-Jul-15,10.680
2-Jul-15,10.680
3-Jul-15,10.680
4-Jul-15,10.690
5-Jul-15,10.700
6-Jul-15,10.720
7-Jul-15,10.790
8-Jul-15,10.810
9-Jul-15,10.910
10-Jul-15,10.940
11-Jul-15,11.130
12-Jul-15,11.140
13-Jul-15,11.130
14-Jul-15,11.130
15-Jul-15,11.120
16-Jul-15,11.120
17-Jul-15,11.110
18-Jul-15,11.110
19-Jul-15,11.100
20-Jul-15,11.090
21-Jul-15,11.090
22-Jul-15,11.100
23-Jul-15,11.120
24-Jul-15,11.110
25-Jul-15,11.100
26-Jul-15,11.100
27-Jul-15,11.100
28-Jul-15,11.100
29-Jul-15,11.090
30-Jul-15,11.100
31-Jul-15,11.090
1-Aug-15,11.080
2-Aug-15,11.070
3-Aug-15,11.060
4-Aug-15,11.060
5-Aug-15,11.070
6-Aug-15,11.080
7-Aug-15,11.100
8-Aug-15,11.090
9-Aug-15,11.080
10-Aug-15,11.100
11-Aug-15,11.110
12-Aug-15,11.100
13-Aug-15,11.120
14-Aug-15,11.130
15-Aug-15,11.140
16-Aug-15,11.140
17-Aug-15,11.140
18-Aug-15,11.130
19-Aug-15,11.130
20-Aug-15,11.120
21-Aug-15,11.130
22-Aug-15,11.170
23-Aug-15,11.230
24-Aug-15,11.240
25-Aug-15,11.250
26-Aug-15,11.260
27-Aug-15,11.250
28-Aug-15,11.260
29-Aug-15,11.250
30-Aug-15,11.280
31-Aug-15,11.310
1-Sep-15,11.310
2-Sep-15,11.320
3-Sep-15,11.310
4-Sep-15,11.290
5-Sep-15,11.280
6-Sep-15,11.300
7-Sep-15,11.290
8-Sep-15,11.300
9-Sep-15,11.310
10-Sep-15,11.320
11-Sep-15,11.340
12-Sep-15,11.330
13-Sep-15,11.340
14-Sep-15,11.360
15-Sep-15,11.390
16-Sep-15,11.400
17-Sep-15,11.410
18-Sep-15,11.400
19-Sep-15,11.390
20-Sep-15,11.380
21-Sep-15,11.370
22-Sep-15,11.400
23-Sep-15,11.440
24-Sep-15,11.440
25-Sep-15,11.450
26-Sep-15,11.460
27-Sep-15,11.450
28-Sep-15,11.400
29-Sep-15,11.430
30-Sep-15,11.430
1-Oct-15,11.420
2-Oct-15,11.420
3-Oct-15,11.500
4-Oct-15,11.510
5-Oct-15,11.530
6-Oct-15,11.550
7-Oct-15,11.560
8-Oct-15,11.540
9-Oct-15,11.530
10-Oct-15,11.530
11-Oct-15,11.520
12-Oct-15,11.520
13-Oct-15,11.510
14-Oct-15,11.500
15-Oct-15,11.490
16-Oct-15,11.495
17-Oct-15,11.485
18-Oct-15,
19-Oct-15,
20-Oct-15,11.610
21-Oct-15,11.620
22-Oct-15,11.630
23-Oct-15,11.610
24-Oct-15,11.600
25-Oct-15,11.585
26-Oct-15,11.570
27-Oct-15,11.560
28-Oct-15,11.540
29-Oct-15,11.520
30-Oct-15,11.500
31-Oct-15,11.480
1-Nov-15,11.460
2-Nov-15,11.450
3-Nov-15,11.450
4-Nov-15,11.445
5-Nov-15,11.450
6-Nov-15,11.440
7-Nov-15,11.430
8-Nov-15,11.420
9-Nov-15,11.390
10-Nov-15,11.380
11-Nov-15,11.380
12-Nov-15,11.370
13-Nov-15,11.370
14-Nov-15,11.370
15-Nov-15,11.340
16-Nov-15,11.340
17-Nov-15,11.330
18-Nov-15,11.340
19-Nov-15,11.340
20-Nov-15,11.320
21-Nov-15,11.310
22-Nov-15,11.300
23-Nov-15,11.270
24-Nov-15,11.260
25-Nov-15,11.260
26-Nov-15,11.250
27-Nov-15,11.240
28-Nov-15,11.230
29-Nov-15,11.230
30-Nov-15,11.240
1-Dec-15,11.230
2-Dec-15,11.230
3-Dec-15,11.220
4-Dec-15,11.210
5-Dec-15,11.210
6-Dec-15,11.220
7-Dec-15,11.220
8-Dec-15,11.190
9-Dec-15,11.190
10-Dec-15,11.200
11-Dec-15,11.190
12-Dec-15,11.180
13-Dec-15,11.170
14-Dec-15,11.170
15-Dec-15,11.220
16-Dec-15,11.350
17-Dec-15,11.520
18-Dec-15,11.550
19-Dec-15,11.660
20-Dec-15,11.890
21-Dec-15,11.910
22-Dec-15,11.910
23-Dec-15,11.880
24-Dec-15,11.880
25-Dec-15,11.870
26-Dec-15,11.850
27-Dec-15,11.840
28-Dec-15,11.800
29-Dec-15,11.800
30-Dec-15,11.780
31-Dec-15,11.770
1-Jan-16,11.760
2-Jan-16,11.750
3-Jan-16,11.740
4-Jan-16,11.740
5-Jan-16,11.720
6-Jan-16,11.700
7-Jan-16,11.690
8-Jan-16,11.680
9-Jan-16,11.660
10-Jan-16,11.640
11-Jan-16,11.600
12-Jan-16,11.590
13-Jan-16,11.580
14-Jan-16,11.560
15-Jan-16,11.550
16-Jan-16,11.540
17-Jan-16,11.530
18-Jan-16,11.510
19-Jan-16,11.490
20-Jan-16,11.470
21-Jan-16,11.450
22-Jan-16,11.430
23-Jan-16,11.410
24-Jan-16,11.400
25-Jan-16,11.390
26-Jan-16,11.380
27-Jan-16,11.320
28-Jan-16,11.290
29-Jan-16,11.290
30-Jan-16,11.280
31-Jan-16,11.265
1-Feb-16,11.250
2-Feb-16,11.240
3-Feb-16,11.230
4-Feb-16,11.220
5-Feb-16,11.220
6-Feb-16,11.230
7-Feb-16,11.230
8-Feb-16,11.210
9-Feb-16,11.190
10-Feb-16,11.180
11-Feb-16,11.170
12-Feb-16,11.160
13-Feb-16,11.140
14-Feb-16,11.130
15-Feb-16,11.110
16-Feb-16,11.090
17-Feb-16,11.080
18-Feb-16,11.070
19-Feb-16,11.060
20-Feb-16,11.050
21-Feb-16,11.040
22-Feb-16,11.020
23-Feb-16,11.010
24-Feb-16,11.010
25-Feb-16,10.990
26-Feb-16,10.980
27-Feb-16,10.990
28-Feb-16,10.950
29-Feb-16,10.950
1-Mar-16,10.940
2-Mar-16,10.935
3-Mar-16,10.933
4-Mar-16,10.933
5-Mar-16,10.925
6-Mar-16,10.918
7-Mar-16,10.910
8-Mar-16,10.895
9-Mar-16,10.885
10-Mar-16,10.880
11-Mar-16,10.880
12-Mar-16,10.878
13-Mar-16,10.865
14-Mar-16,10.850
15-Mar-16,10.840
16-Mar-16,10.830
17-Mar-16,10.823
18-Mar-16,10.820
19-Mar-16,10.810
20-Mar-16,10.800
21-Mar-16,10.795
22-Mar-16,10.780
23-Mar-16,10.778
24-Mar-16,10.760
25-Mar-16,10.763
26-Mar-16,10.750
27-Mar-16,10.733
28-Mar-16,10.723
29-Mar-16,10.715
30-Mar-16,10.703
31-Mar-16,10.700
1-Apr-16,10.700
2-Apr-16,10.700
3-Apr-16,10.700
4-Apr-16,10.680
5-Apr-16,10.660
6-Apr-16,10.670
7-Apr-16,10.670
8-Apr-16,10.670
9-Apr-16,10.660
10-Apr-16,10.670
11-Apr-16,10.650
12-Apr-16,10.650
13-Apr-16,10.650
14-Apr-16,10.660
15-Apr-16,10.660
16-Apr-16,10.660
17-Apr-16,10.640
18-Apr-16,10.640
19-Apr-16,10.630
20-Apr-16,10.630
21-Apr-16,10.630
22-Apr-16,10.620
23-Apr-16,10.610
24-Apr-16,10.600
25-Apr-16,10.590
26-Apr-16,10.580
27-Apr-16,10.580
28-Apr-16,10.580
29-Apr-16,10.600
30-Apr-16,10.600
1-May-16,10.600
2-May-16,10.580
3-May-16,10.580
4-May-16,10.570
5-May-16,10.570
6-May-16,10.570
7-May-16,10.570
8-May-16,10.570
9-May-16,10.560
10-May-16,10.560
11-May-16,10.560
12-May-16,10.550
13-May-16,10.560
14-May-16,10.560
15-May-16,10.560
16-May-16,10.540
17-May-16,10.540
18-May-16,10.550
19-May-16,10.560
20-May-16,10.570
21-May-16,10.570
22-May-16,10.580
23-May-16,10.580
24-May-16,10.600
25-May-16,10.610
26-May-16,10.630
27-May-16,10.650
28-May-16,10.660
29-May-16,10.670
30-May-16,10.670
31-May-16,10.680
1-Jun-16,10.690
2-Jun-16,10.680
3-Jun-16,10.690
4-Jun-16,10.690
5-Jun-16,10.700
6-Jun-16,10.720
7-Jun-16,10.750
8-Jun-16,10.750
9-Jun-16,10.760
10-Jun-16,10.770
11-Jun-16,10.770
12-Jun-16,10.780
13-Jun-16,10.780
14-Jun-16,10.800
15-Jun-16,10.800
16-Jun-16,10.810
17-Jun-16,10.810
18-Jun-16,10.820
19-Jun-16,10.810
20-Jun-16,10.800
21-Jun-16,10.800
22-Jun-16,10.800
23-Jun-16,10.820
24-Jun-16,10.830
25-Jun-16,10.840
26-Jun-16,10.850
27-Jun-16,10.850
28-Jun-16,10.860
29-Jun-16,10.830
30-Jun-16,10.880
1-Jul-16,
2-Jul-16,
3-Jul-16,
4-Jul-16,
5-Jul-16,
6-Jul-16,
7-Jul-16,
8-Jul-16,
9-Jul-16,
10-Jul-16,
11-Jul-16,
12-Jul-16,
13-Jul-16,
14-Jul-16,
15-Jul-16,
16-Jul-16,
17-Jul-16,
18-Jul-16,
19-Jul-16,
20-Jul-16,
21-Jul-16,
22-Jul-16,
23-Jul-16,
24-Jul-16,
25-Jul-16,
26-Jul-16,
27-Jul-16,
28-Jul-16,
29-Jul-16,
30-Jul-16,
31-Jul-16,
1-Aug-16,
2-Aug-16,
3-Aug-16,
4-Aug-16,
5-Aug-16,
6-Aug-16,
7-Aug-16,
8-Aug-16,
9-Aug-16,
10-Aug-16,
11-Aug-16,
12-Aug-16,
13-Aug-16,
14-Aug-16,
15-Aug-16,
16-Aug-16,
17-Aug-16,
18-Aug-16,
19-Aug-16,
20-Aug-16,
21-Aug-16,
22-Aug-16,
23-Aug-16,
24-Aug-16,
25-Aug-16,
26-Aug-16,
27-Aug-16,
28-Aug-16,
29-Aug-16,
30-Aug-16,
31-Aug-16,
1-Sep-16,
2-Sep-16,
3-Sep-16,
4-Sep-16,
5-Sep-16,
6-Sep-16,
7-Sep-16,
8-Sep-16,
9-Sep-16,
10-Sep-16,
11-Sep-16,
12-Sep-16,
13-Sep-16,
14-Sep-16,
15-Sep-16,
16-Sep-16,
17-Sep-16,
18-Sep-16,
19-Sep-16,
20-Sep-16,
21-Sep-16,
22-Sep-16,
23-Sep-16,
24-Sep-16,
25-Sep-16,
26-Sep-16,
27-Sep-16,
28-Sep-16,
29-Sep-16,
30-Sep-16,
1-Oct-16,
2-Oct-16,
3-Oct-16,
4-Oct-16,
5-Oct-16,
6-Oct-16,
7-Oct-16,
8-Oct-16,
9-Oct-16,
10-Oct-16,
11-Oct-16,
12-Oct-16,
13-Oct-16,
14-Oct-16,
15-Oct-16,
16-Oct-16,
17-Oct-16,
18-Oct-16,
19-Oct-16,
20-Oct-16,
21-Oct-16,
22-Oct-16,
23-Oct-16,
24-Oct-16,
25-Oct-16,
26-Oct-16,
27-Oct-16,
28-Oct-16,
29-Oct-16,
30-Oct-16,
31-Oct-16,
1-Nov-16,
2-Nov-16,
3-Nov-16,
4-Nov-16,
5-Nov-16,
6-Nov-16,
7-Nov-16,
8-Nov-16,
9-Nov-16,
10-Nov-16,
11-Nov-16,
12-Nov-16,
13-Nov-16,
14-Nov-16,
15-Nov-16,
16-Nov-16,
17-Nov-16,
18-Nov-16,
19-Nov-16,
20-Nov-16,
21-Nov-16,
22-Nov-16,
23-Nov-16,
24-Nov-16,
25-Nov-16,
26-Nov-16,
27-Nov-16,
28-Nov-16,
29-Nov-16,
30-Nov-16,
1-Dec-16,
2-Dec-16,
3-Dec-16,
4-Dec-16,
5-Dec-16,
6-Dec-16,
7-Dec-16,
8-Dec-16,
9-Dec-16,
10-Dec-16,
11-Dec-16,
12-Dec-16,
13-Dec-16,
14-Dec-16,
15-Dec-16,
16-Dec-16,
17-Dec-16,
18-Dec-16,
19-Dec-16,
20-Dec-16,
21-Dec-16,
22-Dec-16,
23-Dec-16,
24-Dec-16,
25-Dec-16,
26-Dec-16,
27-Dec-16,
28-Dec-16,
29-Dec-16,
30-Dec-16,
31-Dec-16,

